question_id,intervention,measurement_layer,distance,delta_persona_projection,delta_emotion_projection
eval01,emotion,22,1,0.022196561098098755,0.07268749177455902
eval01,emotion,22,2,-0.002014443278312683,0.0024694204330444336
eval01,emotion,22,3,0.016643047332763672,0.021565735340118408
eval01,emotion,22,4,0.0012832880020141602,0.002862215042114258
eval01,emotion,22,5,-0.001261889934539795,-0.0013769268989562988
eval01,emotion,22,6,0.0009062290191650391,0.001893758773803711
eval01,emotion,22,7,-0.0003109574317932129,0.00035703182220458984
eval01,emotion,22,8,0.0019507408142089844,0.0027338266372680664
eval01,emotion,22,9,0.0006191730499267578,0.0013462305068969727
eval01,emotion,22,10,-0.006224244832992554,-0.009664177894592285
eval01,emotion,22,11,0.00042384862899780273,0.0014076828956604004
eval01,emotion,22,12,0.005567073822021484,0.007645994424819946
eval01,emotion,22,13,0.0067098140716552734,0.010226964950561523
eval01,emotion,22,14,0.004301846027374268,0.009747534990310669
eval01,emotion,22,15,0.0018601417541503906,0.0031431913375854492
eval01,emotion,22,16,0.003709077835083008,0.0018245577812194824
eval01,emotion,22,17,0.000833168625831604,-0.0010280907154083252
eval01,emotion,22,18,-0.003363996744155884,0.0025222599506378174
eval01,emotion,22,19,0.002154827117919922,0.004483044147491455
eval01,emotion,22,20,-0.0020586252212524414,0.0030465126037597656
eval01,emotion,39,1,1.1358585357666016,4.489692687988281
eval01,emotion,39,2,0.8263931274414062,0.237548828125
eval01,emotion,39,3,1.973785400390625,1.3270263671875
eval01,emotion,39,4,1.529754638671875,0.5826644897460938
eval01,emotion,39,5,0.11496829986572266,0.6730241775512695
eval01,emotion,39,6,-0.11269378662109375,0.63897705078125
eval01,emotion,39,7,-1.0774478912353516,1.415130615234375
eval01,emotion,39,8,-0.7473564147949219,0.24164962768554688
eval01,emotion,39,9,-0.0577850341796875,0.679229736328125
eval01,emotion,39,10,-0.07384777069091797,1.1903090476989746
eval01,emotion,39,11,-1.3089237213134766,1.3180999755859375
eval01,emotion,39,12,-1.147125244140625,0.7773141860961914
eval01,emotion,39,13,-0.3932838439941406,0.4530525207519531
eval01,emotion,39,14,-0.3821902275085449,1.2154922485351562
eval01,emotion,39,15,1.1870269775390625,2.3674468994140625
eval01,emotion,39,16,0.5293483734130859,0.3617706298828125
eval01,emotion,39,17,1.3288898468017578,1.3449382781982422
eval01,emotion,39,18,0.7047691345214844,-0.0242767333984375
eval01,emotion,39,19,0.344268798828125,-0.09880924224853516
eval01,emotion,39,20,-1.1355338096618652,0.2259368896484375
eval01,persona,22,1,0.07397475838661194,0.026858970522880554
eval01,persona,22,2,-0.0010114312171936035,0.00045239925384521484
eval01,persona,22,3,0.037122488021850586,0.008310556411743164
eval01,persona,22,4,0.009598255157470703,-0.003430604934692383
eval01,persona,22,5,-0.00044989585876464844,-0.0015929937362670898
eval01,persona,22,6,0.0013384819030761719,0.0005044937133789062
eval01,persona,22,7,0.0035573840141296387,0.0018333196640014648
eval01,persona,22,8,0.005548298358917236,-0.0004347562789916992
eval01,persona,22,9,-0.000846564769744873,0.0006612539291381836
eval01,persona,22,10,-0.004214107990264893,-0.001806497573852539
eval01,persona,22,11,0.001336216926574707,0.0007071495056152344
eval01,persona,22,12,0.01699894666671753,-0.0015276074409484863
eval01,persona,22,13,0.01446676254272461,0.008082330226898193
eval01,persona,22,14,0.014100432395935059,0.007313817739486694
eval01,persona,22,15,0.00809788703918457,0.0008369684219360352
eval01,persona,22,16,0.013241410255432129,0.0075851380825042725
eval01,persona,22,17,-0.0010911375284194946,0.0013331174850463867
eval01,persona,22,18,0.007543891668319702,0.0022465884685516357
eval01,persona,22,19,0.005188941955566406,0.002077817916870117
eval01,persona,22,20,0.0032529830932617188,-0.0017458200454711914
eval01,persona,39,1,1.9894905090332031,1.2526493072509766
eval01,persona,39,2,0.6087989807128906,0.5034160614013672
eval01,persona,39,3,4.2680206298828125,0.24204635620117188
eval01,persona,39,4,2.311473846435547,-0.3704109191894531
eval01,persona,39,5,-0.45694684982299805,0.7879667282104492
eval01,persona,39,6,1.599623680114746,-0.450164794921875
eval01,persona,39,7,0.8634567260742188,0.9771499633789062
eval01,persona,39,8,0.584991455078125,-0.19936370849609375
eval01,persona,39,9,1.1146411895751953,-0.00600433349609375
eval01,persona,39,10,0.4470243453979492,0.2995433807373047
eval01,persona,39,11,1.2669601440429688,-0.05944061279296875
eval01,persona,39,12,1.4603958129882812,0.2696189880371094
eval01,persona,39,13,0.6014423370361328,-0.584686279296875
eval01,persona,39,14,0.4099612236022949,0.5864715576171875
eval01,persona,39,15,1.5552749633789062,0.25870513916015625
eval01,persona,39,16,-0.16616249084472656,-0.2625885009765625
eval01,persona,39,17,-0.036960601806640625,-0.7383298873901367
eval01,persona,39,18,1.7826499938964844,0.21523475646972656
eval01,persona,39,19,0.09347152709960938,-0.10509967803955078
eval01,persona,39,20,-0.030416011810302734,-0.24286270141601562
eval02,emotion,22,1,-0.010600507259368896,-0.009422838687896729
eval02,emotion,22,2,0.0073310136795043945,0.02528473734855652
eval02,emotion,22,3,0.005408883094787598,0.011816322803497314
eval02,emotion,22,4,0.0015538930892944336,0.0060272216796875
eval02,emotion,22,5,0.00018519163131713867,0.0024565458297729492
eval02,emotion,22,6,-0.006049096584320068,-0.0019663572311401367
eval02,emotion,22,7,0.0002040863037109375,0.0038069486618041992
eval02,emotion,22,8,-0.0020685195922851562,0.001344919204711914
eval02,emotion,22,9,-0.0011031627655029297,0.0011854171752929688
eval02,emotion,22,10,0.0006237030029296875,-0.0018652677536010742
eval02,emotion,22,11,0.0035799741744995117,0.0013577938079833984
eval02,emotion,22,12,-0.0020333528518676758,-0.0001996755599975586
eval02,emotion,22,13,-0.00016248226165771484,0.000971674919128418
eval02,emotion,22,14,0.004168391227722168,0.002767801284790039
eval02,emotion,22,15,-0.0016226768493652344,-0.00013065338134765625
eval02,emotion,22,16,0.0030287504196166992,0.0025670528411865234
eval02,emotion,22,17,0.00015717744827270508,0.00026535987854003906
eval02,emotion,22,18,0.0027401745319366455,0.0006827712059020996
eval02,emotion,22,19,-0.0002529025077819824,2.300739288330078e-05
eval02,emotion,22,20,-0.0022094249725341797,-0.00036269426345825195
eval02,emotion,39,1,-0.6436080932617188,3.5071020126342773
eval02,emotion,39,2,1.4458503723144531,3.4020538330078125
eval02,emotion,39,3,1.460922122001648,3.235952377319336
eval02,emotion,39,4,0.36081504821777344,3.177762985229492
eval02,emotion,39,5,1.7646989822387695,1.2808647155761719
eval02,emotion,39,6,1.7774200439453125,1.765594482421875
eval02,emotion,39,7,0.8250045776367188,0.7084884643554688
eval02,emotion,39,8,0.3414325714111328,0.8719367980957031
eval02,emotion,39,9,-1.9113883972167969,0.129791259765625
eval02,emotion,39,10,0.00469207763671875,-0.6934394836425781
eval02,emotion,39,11,-0.07568740844726562,-0.19599533081054688
eval02,emotion,39,12,-0.9776763916015625,0.9459915161132812
eval02,emotion,39,13,1.7254619598388672,0.8959732055664062
eval02,emotion,39,14,-0.47722721099853516,0.21641921997070312
eval02,emotion,39,15,0.5497703552246094,0.1427001953125
eval02,emotion,39,16,1.3551998138427734,0.7663421630859375
eval02,emotion,39,17,0.9722366333007812,-0.8755264282226562
eval02,emotion,39,18,0.7343673706054688,0.5580120086669922
eval02,emotion,39,19,-0.1757030487060547,-0.19682598114013672
eval02,emotion,39,20,-0.3067207336425781,0.6571311950683594
eval02,persona,22,1,0.009665921330451965,-0.009292662143707275
eval02,persona,22,2,0.051238179206848145,0.013789147138595581
eval02,persona,22,3,0.028626561164855957,0.004156887531280518
eval02,persona,22,4,0.00723189115524292,0.002758502960205078
eval02,persona,22,5,0.004672825336456299,0.0018466711044311523
eval02,persona,22,6,0.0015488862991333008,-0.0035971999168395996
eval02,persona,22,7,0.006875276565551758,0.0005757808685302734
eval02,persona,22,8,0.0031232833862304688,0.0012328624725341797
eval02,persona,22,9,-0.0016454458236694336,-0.001432180404663086
eval02,persona,22,10,0.002283334732055664,-0.0022652149200439453
eval02,persona,22,11,0.0037375688552856445,0.0016055107116699219
eval02,persona,22,12,0.0009965896606445312,-0.0028852224349975586
eval02,persona,22,13,-0.0004934072494506836,-0.00023305416107177734
eval02,persona,22,14,0.0019948482513427734,0.0009821653366088867
eval02,persona,22,15,0.0007156133651733398,-0.0014172792434692383
eval02,persona,22,16,-0.0006341934204101562,0.0024605989456176758
eval02,persona,22,17,0.00022608041763305664,0.00044286251068115234
eval02,persona,22,18,0.0009416639804840088,-0.00028955936431884766
eval02,persona,22,19,0.0012502670288085938,0.0012906193733215332
eval02,persona,22,20,-0.00040543079376220703,5.7220458984375e-05
eval02,persona,39,1,10.003425598144531,1.0510778427124023
eval02,persona,39,2,8.341392517089844,2.3848133087158203
eval02,persona,39,3,8.50688362121582,0.8310375213623047
eval02,persona,39,4,3.3593502044677734,0.93951416015625
eval02,persona,39,5,2.247696876525879,-0.15486907958984375
eval02,persona,39,6,5.286556243896484,2.0443115234375
eval02,persona,39,7,1.3844223022460938,0.5607757568359375
eval02,persona,39,8,0.5586318969726562,0.201690673828125
eval02,persona,39,9,-1.709259033203125,-0.6723289489746094
eval02,persona,39,10,0.2411518096923828,-0.4627265930175781
eval02,persona,39,11,1.0750236511230469,0.7162246704101562
eval02,persona,39,12,0.07863426208496094,0.6794586181640625
eval02,persona,39,13,0.9144020080566406,0.7659225463867188
eval02,persona,39,14,-0.11995697021484375,0.5366172790527344
eval02,persona,39,15,0.8631153106689453,1.1284027099609375
eval02,persona,39,16,2.0292606353759766,-0.2446746826171875
eval02,persona,39,17,0.5949554443359375,-1.506072998046875
eval02,persona,39,18,1.1083831787109375,0.5291156768798828
eval02,persona,39,19,0.035213470458984375,-0.6295881271362305
eval02,persona,39,20,-0.14880943298339844,0.4848670959472656
eval03,emotion,22,1,0.0008716583251953125,0.011000752449035645
eval03,emotion,22,2,-0.0038457512855529785,0.011012613773345947
eval03,emotion,22,3,0.004795551300048828,0.004730224609375
eval03,emotion,22,4,-0.0003440380096435547,0.007642626762390137
eval03,emotion,22,5,0.0015873908996582031,0.006098270416259766
eval03,emotion,22,6,0.004762083292007446,0.017719268798828125
eval03,emotion,22,7,0.005092889070510864,0.012792587280273438
eval03,emotion,22,8,-0.0007969141006469727,0.003636598587036133
eval03,emotion,22,9,0.0006871223449707031,0.003355264663696289
eval03,emotion,22,10,-0.0007138252258300781,0.0021958649158477783
eval03,emotion,22,11,-0.0014276504516601562,0.0023952722549438477
eval03,emotion,22,12,-0.0003037750720977783,0.0021224021911621094
eval03,emotion,22,13,-0.0003590583801269531,0.0011670589447021484
eval03,emotion,22,14,0.00287705659866333,0.001956462860107422
eval03,emotion,22,15,-0.0014666616916656494,-0.0009530186653137207
eval03,emotion,22,16,0.0008776187896728516,0.002615213394165039
eval03,emotion,22,17,-0.0018951892852783203,8.26716423034668e-05
eval03,emotion,22,18,0.0015037059783935547,0.00023639202117919922
eval03,emotion,22,19,-0.0007769465446472168,0.00034928321838378906
eval03,emotion,22,20,-0.0005565881729125977,0.0011820197105407715
eval03,emotion,39,1,0.5208187103271484,0.5127248764038086
eval03,emotion,39,2,-0.2695293426513672,1.2291584014892578
eval03,emotion,39,3,-0.20891571044921875,0.5572109222412109
eval03,emotion,39,4,-0.31668853759765625,-0.08597564697265625
eval03,emotion,39,5,0.5632476806640625,0.4000358581542969
eval03,emotion,39,6,0.31507301330566406,1.4238510131835938
eval03,emotion,39,7,-0.4825553894042969,0.6946449279785156
eval03,emotion,39,8,0.5277595520019531,0.9666748046875
eval03,emotion,39,9,0.01458740234375,0.02506732940673828
eval03,emotion,39,10,0.4353179931640625,-0.30138635635375977
eval03,emotion,39,11,1.0031967163085938,0.21105194091796875
eval03,emotion,39,12,-0.1704730987548828,-1.3112144470214844
eval03,emotion,39,13,1.162027359008789,1.319326400756836
eval03,emotion,39,14,-0.14894866943359375,0.6746006011962891
eval03,emotion,39,15,0.42777347564697266,-1.0733299255371094
eval03,emotion,39,16,0.00037670135498046875,0.5965576171875
eval03,emotion,39,17,0.43778324127197266,0.14888763427734375
eval03,emotion,39,18,-1.2890701293945312,-0.18598175048828125
eval03,emotion,39,19,-0.7448768615722656,-0.48360443115234375
eval03,emotion,39,20,-0.6873550415039062,0.5741348266601562
eval03,persona,22,1,0.008134603500366211,0.0019765496253967285
eval03,persona,22,2,0.01153188943862915,0.0029824376106262207
eval03,persona,22,3,0.009574174880981445,0.0016008615493774414
eval03,persona,22,4,0.018828272819519043,0.0014955997467041016
eval03,persona,22,5,0.007718384265899658,-0.002165555953979492
eval03,persona,22,6,0.01702827215194702,0.006089210510253906
eval03,persona,22,7,0.01123836636543274,0.00627899169921875
eval03,persona,22,8,0.004506349563598633,0.002149820327758789
eval03,persona,22,9,0.004414081573486328,0.002714991569519043
eval03,persona,22,10,0.0014554262161254883,-4.750490188598633e-05
eval03,persona,22,11,0.0063838958740234375,0.0022513866424560547
eval03,persona,22,12,0.004350826144218445,0.002098679542541504
eval03,persona,22,13,0.003249228000640869,-0.0010603070259094238
eval03,persona,22,14,0.003957882523536682,0.0018822848796844482
eval03,persona,22,15,0.00182420015335083,-0.001543581485748291
eval03,persona,22,16,0.0046863555908203125,0.0012080669403076172
eval03,persona,22,17,-0.0014122724533081055,-0.0014395713806152344
eval03,persona,22,18,0.002577543258666992,-0.0016041994094848633
eval03,persona,22,19,0.0010628700256347656,0.001028299331665039
eval03,persona,22,20,-7.033348083496094e-05,0.00029772520065307617
eval03,persona,39,1,2.0119762420654297,0.1655740737915039
eval03,persona,39,2,1.85784912109375,-0.2960205078125
eval03,persona,39,3,-0.528656005859375,0.0702362060546875
eval03,persona,39,4,0.973876953125,-0.7621955871582031
eval03,persona,39,5,1.1953277587890625,0.03478431701660156
eval03,persona,39,6,1.2487773895263672,0.5566787719726562
eval03,persona,39,7,1.3531875610351562,0.20049667358398438
eval03,persona,39,8,1.1556434631347656,0.36273193359375
eval03,persona,39,9,0.5095252990722656,0.7621078491210938
eval03,persona,39,10,0.26399993896484375,0.6045846939086914
eval03,persona,39,11,1.9722843170166016,-0.4360618591308594
eval03,persona,39,12,0.4416542053222656,-0.6453094482421875
eval03,persona,39,13,2.0110855102539062,0.6893062591552734
eval03,persona,39,14,0.8150749206542969,0.6682872772216797
eval03,persona,39,15,1.6943206787109375,-1.1451225280761719
eval03,persona,39,16,0.8880157470703125,0.017986297607421875
eval03,persona,39,17,0.9272823333740234,-0.2720298767089844
eval03,persona,39,18,-0.60919189453125,0.20755767822265625
eval03,persona,39,19,0.32077789306640625,0.18103790283203125
eval03,persona,39,20,0.08269500732421875,0.02201080322265625
eval04,emotion,22,1,-0.006264030933380127,-0.007124781608581543
eval04,emotion,22,2,0.006694197654724121,0.026247963309288025
eval04,emotion,22,3,0.0065381526947021484,0.01627904176712036
eval04,emotion,22,4,0.005203723907470703,0.011158764362335205
eval04,emotion,22,5,0.0015490055084228516,0.002635359764099121
eval04,emotion,22,6,0.001870870590209961,0.005443990230560303
eval04,emotion,22,7,-0.0010738968849182129,-0.0001245737075805664
eval04,emotion,22,8,-0.0055637359619140625,0.000302731990814209
eval04,emotion,22,9,0.002947568893432617,0.0036897659301757812
eval04,emotion,22,10,0.0013050734996795654,0.0042075514793396
eval04,emotion,22,11,-0.002007007598876953,0.0001850128173828125
eval04,emotion,22,12,0.000658765435218811,0.0014538764953613281
eval04,emotion,22,13,0.00333210825920105,0.0018979310989379883
eval04,emotion,22,14,-0.0009300112724304199,-6.699562072753906e-05
eval04,emotion,22,15,0.0008310675621032715,0.00010097026824951172
eval04,emotion,22,16,0.0007902383804321289,0.004123687744140625
eval04,emotion,22,17,-0.0019527077674865723,-0.0032829642295837402
eval04,emotion,22,18,4.0471553802490234e-05,-0.0020139217376708984
eval04,emotion,22,19,0.0011262893676757812,8.606910705566406e-05
eval04,emotion,22,20,-0.0012580156326293945,-0.002070307731628418
eval04,emotion,39,1,0.2647247314453125,3.2415332794189453
eval04,emotion,39,2,1.7816619873046875,3.1050243377685547
eval04,emotion,39,3,1.0497636795043945,1.4625186920166016
eval04,emotion,39,4,-0.2699871063232422,1.2503700256347656
eval04,emotion,39,5,1.9758682250976562,1.3183212280273438
eval04,emotion,39,6,0.5289306640625,0.1460723876953125
eval04,emotion,39,7,0.22507095336914062,0.08127021789550781
eval04,emotion,39,8,2.280517578125,1.6599502563476562
eval04,emotion,39,9,0.08600616455078125,-0.07393646240234375
eval04,emotion,39,10,-0.6658096313476562,-0.7724037170410156
eval04,emotion,39,11,-0.3862490653991699,0.7134552001953125
eval04,emotion,39,12,0.845367431640625,-0.7518081665039062
eval04,emotion,39,13,0.5044956207275391,-0.00455474853515625
eval04,emotion,39,14,-0.0445404052734375,0.4544239044189453
eval04,emotion,39,15,0.9420967102050781,-0.32996368408203125
eval04,emotion,39,16,0.23850631713867188,0.09698867797851562
eval04,emotion,39,17,0.05174446105957031,-0.705474853515625
eval04,emotion,39,18,-0.2547645568847656,0.685302734375
eval04,emotion,39,19,-0.2269878387451172,0.2741241455078125
eval04,emotion,39,20,0.2340087890625,0.464385986328125
eval04,persona,22,1,0.0046967267990112305,-0.004836171865463257
eval04,persona,22,2,0.04411816596984863,0.015578582882881165
eval04,persona,22,3,0.039464473724365234,0.006030917167663574
eval04,persona,22,4,0.014408111572265625,0.005701035261154175
eval04,persona,22,5,0.004937648773193359,0.0012017488479614258
eval04,persona,22,6,0.007683515548706055,0.0033420026302337646
eval04,persona,22,7,-0.0009109973907470703,-0.002323746681213379
eval04,persona,22,8,0.01162409782409668,0.003947436809539795
eval04,persona,22,9,0.011141657829284668,0.0021122097969055176
eval04,persona,22,10,0.0030993223190307617,0.0018714666366577148
eval04,persona,22,11,0.00041615962982177734,0.0009400844573974609
eval04,persona,22,12,0.0013615190982818604,9.1552734375e-05
eval04,persona,22,13,0.0035143494606018066,0.00046384334564208984
eval04,persona,22,14,0.0016534924507141113,0.0021681785583496094
eval04,persona,22,15,0.002004683017730713,0.0004941225051879883
eval04,persona,22,16,0.0025311708450317383,0.003133058547973633
eval04,persona,22,17,0.0030528604984283447,0.0008900761604309082
eval04,persona,22,18,0.0038565397262573242,-0.00027620792388916016
eval04,persona,22,19,0.0019927024841308594,-0.0012717247009277344
eval04,persona,22,20,-0.0015280842781066895,-0.0017462968826293945
eval04,persona,39,1,10.313236236572266,-0.5150566101074219
eval04,persona,39,2,8.594470977783203,1.2832984924316406
eval04,persona,39,3,8.9705810546875,1.6839847564697266
eval04,persona,39,4,4.360931396484375,-0.27386474609375
eval04,persona,39,5,3.9625396728515625,-0.7346725463867188
eval04,persona,39,6,0.7398223876953125,-0.6173458099365234
eval04,persona,39,7,0.2604522705078125,-0.04058551788330078
eval04,persona,39,8,5.400581359863281,-0.3743133544921875
eval04,persona,39,9,0.4579925537109375,0.7054595947265625
eval04,persona,39,10,0.29424095153808594,-0.6221580505371094
eval04,persona,39,11,0.05285453796386719,0.09477996826171875
eval04,persona,39,12,1.2474308013916016,-0.6215896606445312
eval04,persona,39,13,1.3810510635375977,-1.3318634033203125
eval04,persona,39,14,0.0716552734375,-0.21590614318847656
eval04,persona,39,15,0.5389118194580078,-0.809844970703125
eval04,persona,39,16,2.141918182373047,-0.36853790283203125
eval04,persona,39,17,2.4130496978759766,-1.1715621948242188
eval04,persona,39,18,0.8838701248168945,-0.11572647094726562
eval04,persona,39,19,0.6096687316894531,0.5044479370117188
eval04,persona,39,20,0.032802581787109375,-0.7603988647460938
eval05,emotion,22,1,0.011009693145751953,0.05611729621887207
eval05,emotion,22,2,-5.841255187988281e-06,0.013193130493164062
eval05,emotion,22,3,0.004105567932128906,0.027268648147583008
eval05,emotion,22,4,0.003517627716064453,0.015039443969726562
eval05,emotion,22,5,0.0033292770385742188,0.0032520294189453125
eval05,emotion,22,6,0.0013871192932128906,0.024340152740478516
eval05,emotion,22,7,0.0032520294189453125,0.011049985885620117
eval05,emotion,22,8,0.0010867118835449219,0.004293203353881836
eval05,emotion,22,9,-0.002846240997314453,0.004831552505493164
eval05,emotion,22,10,-0.0009279251098632812,0.004209041595458984
eval05,emotion,22,11,0.0018140971660614014,0.0020608901977539062
eval05,emotion,22,12,2.86102294921875e-06,0.00453639030456543
eval05,emotion,22,13,0.0012938976287841797,0.006093382835388184
eval05,emotion,22,14,0.0049285888671875,0.004354715347290039
eval05,emotion,22,15,-0.0001735687255859375,6.747245788574219e-05
eval05,emotion,22,16,0.000571519136428833,-0.00020003318786621094
eval05,emotion,22,17,0.002215147018432617,0.0020644664764404297
eval05,emotion,22,18,-0.0027327537536621094,0.0004112720489501953
eval05,emotion,22,19,0.0013358592987060547,0.001654982566833496
eval05,emotion,22,20,0.0007383823394775391,0.0012085437774658203
eval05,emotion,39,1,0.08813095092773438,2.8553848266601562
eval05,emotion,39,2,0.00516510009765625,3.51669979095459
eval05,emotion,39,3,1.717864990234375,5.046543121337891
eval05,emotion,39,4,0.9196395874023438,1.3554801940917969
eval05,emotion,39,5,1.7258110046386719,1.8538494110107422
eval05,emotion,39,6,3.6159820556640625,5.513896942138672
eval05,emotion,39,7,1.003082275390625,2.1350326538085938
eval05,emotion,39,8,0.5652923583984375,1.3901934623718262
eval05,emotion,39,9,0.8842506408691406,0.5274124145507812
eval05,emotion,39,10,0.16659164428710938,1.1154060363769531
eval05,emotion,39,11,-0.035045623779296875,-0.4563302993774414
eval05,emotion,39,12,0.4703178405761719,0.9211578369140625
eval05,emotion,39,13,-0.07930374145507812,1.6994171142578125
eval05,emotion,39,14,0.5980701446533203,-0.19507980346679688
eval05,emotion,39,15,0.38655853271484375,0.5752964019775391
eval05,emotion,39,16,-0.8645095825195312,-0.6963958740234375
eval05,emotion,39,17,-0.14203166961669922,0.5617513656616211
eval05,emotion,39,18,-1.2315444946289062,-0.1915297508239746
eval05,emotion,39,19,-0.4039897918701172,0.011672496795654297
eval05,emotion,39,20,-0.06277656555175781,0.06015348434448242
eval05,persona,22,1,0.058320045471191406,0.018582820892333984
eval05,persona,22,2,0.007726550102233887,0.0014331340789794922
eval05,persona,22,3,0.0520482063293457,0.006308555603027344
eval05,persona,22,4,0.012412071228027344,0.0038118362426757812
eval05,persona,22,5,0.015448927879333496,0.0033540725708007812
eval05,persona,22,6,0.06645059585571289,0.014876127243041992
eval05,persona,22,7,0.035640716552734375,0.004636287689208984
eval05,persona,22,8,0.015958786010742188,0.003062725067138672
eval05,persona,22,9,0.015548229217529297,0.00420379638671875
eval05,persona,22,10,0.010315418243408203,0.002065420150756836
eval05,persona,22,11,0.002606004476547241,0.002574443817138672
eval05,persona,22,12,0.02647686004638672,0.007546901702880859
eval05,persona,22,13,0.021479129791259766,0.0016164779663085938
eval05,persona,22,14,0.009105682373046875,-0.00034427642822265625
eval05,persona,22,15,0.0025675296783447266,0.0003447532653808594
eval05,persona,22,16,0.0005164593458175659,-0.0021094083786010742
eval05,persona,22,17,0.005949497222900391,-0.0006784200668334961
eval05,persona,22,18,0.0010311603546142578,9.965896606445312e-05
eval05,persona,22,19,0.004740357398986816,-0.0013388395309448242
eval05,persona,22,20,0.002583026885986328,0.0007898807525634766
eval05,persona,39,1,4.75959587097168,1.0821571350097656
eval05,persona,39,2,2.729969024658203,1.1042509078979492
eval05,persona,39,3,9.47076416015625,0.2686653137207031
eval05,persona,39,4,4.642120361328125,0.8193359375
eval05,persona,39,5,5.725376129150391,0.20278072357177734
eval05,persona,39,6,12.449203491210938,2.397003173828125
eval05,persona,39,7,5.242889404296875,0.22100448608398438
eval05,persona,39,8,3.4633026123046875,0.9581995010375977
eval05,persona,39,9,4.3529052734375,1.2000808715820312
eval05,persona,39,10,2.4659996032714844,0.8097343444824219
eval05,persona,39,11,0.7882213592529297,-0.2787642478942871
eval05,persona,39,12,3.6064414978027344,0.8110504150390625
eval05,persona,39,13,2.147655487060547,0.7475967407226562
eval05,persona,39,14,0.43523597717285156,0.18639469146728516
eval05,persona,39,15,0.12859153747558594,0.7274322509765625
eval05,persona,39,16,-0.10827255249023438,0.08393096923828125
eval05,persona,39,17,0.4630250930786133,0.5706605911254883
eval05,persona,39,18,0.022533416748046875,0.429262638092041
eval05,persona,39,19,0.011444091796875,0.4413795471191406
eval05,persona,39,20,-0.38190650939941406,0.3628849983215332
eval06,emotion,22,1,0.04376411437988281,0.1325986385345459
eval06,emotion,22,2,0.03872203826904297,0.1139535903930664
eval06,emotion,22,3,0.011459827423095703,0.03429722785949707
eval06,emotion,22,4,0.008601188659667969,0.013370275497436523
eval06,emotion,22,5,0.004127025604248047,0.01202535629272461
eval06,emotion,22,6,-0.0013401508331298828,0.008662372827529907
eval06,emotion,22,7,0.0067996978759765625,0.024632275104522705
eval06,emotion,22,8,0.005766153335571289,0.01568669080734253
eval06,emotion,22,9,0.004758358001708984,0.007967114448547363
eval06,emotion,22,10,-0.0007517337799072266,0.01455080509185791
eval06,emotion,22,11,-0.004179954528808594,0.0051097571849823
eval06,emotion,22,12,-0.004456192255020142,0.0012173354625701904
eval06,emotion,22,13,-0.0006442666053771973,0.004333376884460449
eval06,emotion,22,14,-0.003984928131103516,-0.0002588331699371338
eval06,emotion,22,15,-0.002433180809020996,0.002619922161102295
eval06,emotion,22,16,-0.0027849674224853516,-0.005782999098300934
eval06,emotion,22,17,-0.003315448760986328,-0.0002307593822479248
eval06,emotion,22,18,-0.0009975433349609375,0.0006648898124694824
eval06,emotion,22,19,-0.001837015151977539,-0.003146350383758545
eval06,emotion,22,20,-0.006142735481262207,-0.0026179254055023193
eval06,emotion,39,1,2.52410888671875,7.593738555908203
eval06,emotion,39,2,0.08477783203125,5.459197998046875
eval06,emotion,39,3,-0.5643463134765625,2.146411895751953
eval06,emotion,39,4,1.0508232116699219,1.4247722625732422
eval06,emotion,39,5,0.379241943359375,-1.44207763671875
eval06,emotion,39,6,-0.8805809020996094,-0.09696197509765625
eval06,emotion,39,7,1.1104888916015625,-0.13001060485839844
eval06,emotion,39,8,0.11551856994628906,0.4157428741455078
eval06,emotion,39,9,0.6368942260742188,0.4847526550292969
eval06,emotion,39,10,0.2532806396484375,0.5096702575683594
eval06,emotion,39,11,-0.3153533935546875,-0.2592277526855469
eval06,emotion,39,12,-0.6900129318237305,0.5620574951171875
eval06,emotion,39,13,-1.1771841049194336,-0.115997314453125
eval06,emotion,39,14,-0.6639137268066406,0.4176292419433594
eval06,emotion,39,15,0.07192611694335938,0.8916664123535156
eval06,emotion,39,16,0.10541534423828125,0.5438957214355469
eval06,emotion,39,17,0.04230499267578125,0.04860687255859375
eval06,emotion,39,18,-0.059049129486083984,-0.15437698364257812
eval06,emotion,39,19,0.1907196044921875,-0.4146919250488281
eval06,emotion,39,20,0.2128314971923828,0.8424148559570312
eval06,persona,22,1,0.2059493064880371,0.03487706184387207
eval06,persona,22,2,0.17676639556884766,0.03941845893859863
eval06,persona,22,3,0.0615849494934082,0.006551980972290039
eval06,persona,22,4,0.022123336791992188,0.0018705129623413086
eval06,persona,22,5,0.03355264663696289,-0.0027954578399658203
eval06,persona,22,6,0.01944255828857422,0.002436235547065735
eval06,persona,22,7,0.04391956329345703,0.00919640064239502
eval06,persona,22,8,0.02426314353942871,0.007230043411254883
eval06,persona,22,9,0.020282268524169922,0.003722071647644043
eval06,persona,22,10,0.013641834259033203,0.0015971660614013672
eval06,persona,22,11,0.011613726615905762,0.001182258129119873
eval06,persona,22,12,0.003450259566307068,0.00023755431175231934
eval06,persona,22,13,0.005039870738983154,-0.0012119114398956299
eval06,persona,22,14,0.002092123031616211,-9.736418724060059e-05
eval06,persona,22,15,0.0032275915145874023,0.0027960240840911865
eval06,persona,22,16,-0.012269318103790283,-0.01082707941532135
eval06,persona,22,17,-0.003183603286743164,-0.0008825957775115967
eval06,persona,22,18,0.0003471970558166504,-0.0013169646263122559
eval06,persona,22,19,-0.0042154788970947266,-0.004527628421783447
eval06,persona,22,20,-0.0005297064781188965,-0.000704348087310791
eval06,persona,39,1,10.0133056640625,0.2233905792236328
eval06,persona,39,2,8.683837890625,2.4248046875
eval06,persona,39,3,3.7848434448242188,0.8624725341796875
eval06,persona,39,4,2.7481307983398438,-0.380584716796875
eval06,persona,39,5,1.594970703125,-4.873443603515625
eval06,persona,39,6,1.7931747436523438,-0.6130561828613281
eval06,persona,39,7,3.60882568359375,0.6673393249511719
eval06,persona,39,8,2.8456573486328125,0.8021535873413086
eval06,persona,39,9,0.01708984375,0.18922042846679688
eval06,persona,39,10,0.7679595947265625,-0.03769683837890625
eval06,persona,39,11,0.3450164794921875,-1.337860107421875
eval06,persona,39,12,0.9294157028198242,-0.5006790161132812
eval06,persona,39,13,-0.17381691932678223,-0.6834983825683594
eval06,persona,39,14,-0.782958984375,-0.22072219848632812
eval06,persona,39,15,0.14624881744384766,0.349884033203125
eval06,persona,39,16,-0.2815895080566406,-0.3157844543457031
eval06,persona,39,17,0.48040771484375,0.030122756958007812
eval06,persona,39,18,0.041717529296875,0.18093109130859375
eval06,persona,39,19,1.1536674499511719,-0.2657203674316406
eval06,persona,39,20,1.3415966033935547,0.26607322692871094
eval07,emotion,22,1,0.08512258529663086,0.17726635932922363
eval07,emotion,22,2,-0.002250194549560547,0.022243022918701172
eval07,emotion,22,3,-0.005403041839599609,0.0044574737548828125
eval07,emotion,22,4,0.0025224685668945312,0.0053397417068481445
eval07,emotion,22,5,-0.006986141204833984,-0.0024899840354919434
eval07,emotion,22,6,0.0009363889694213867,0.001542508602142334
eval07,emotion,22,7,-0.004683852195739746,-0.002330303192138672
eval07,emotion,22,8,0.00016570091247558594,0.00042933225631713867
eval07,emotion,22,9,0.00040030479431152344,0.00139617919921875
eval07,emotion,22,10,0.00026226043701171875,0.001936197280883789
eval07,emotion,22,11,-0.005382895469665527,0.002586185932159424
eval07,emotion,22,12,-0.004112541675567627,0.0016981959342956543
eval07,emotion,22,13,0.00558924674987793,0.01670163869857788
eval07,emotion,22,14,0.00018095970153808594,0.009906172752380371
eval07,emotion,22,15,-0.0017244815826416016,0.0047452449798583984
eval07,emotion,22,16,0.0035151243209838867,0.009027659893035889
eval07,emotion,22,17,-0.0010063648223876953,0.00550234317779541
eval07,emotion,22,18,-0.0013728141784667969,-0.0024804621934890747
eval07,emotion,22,19,0.0006107091903686523,0.0032439827919006348
eval07,emotion,22,20,-0.004323124885559082,-0.004908710718154907
eval07,emotion,39,1,3.84033203125,5.261211395263672
eval07,emotion,39,2,2.480987548828125,2.9315614700317383
eval07,emotion,39,3,1.0342750549316406,2.455780029296875
eval07,emotion,39,4,0.423583984375,6.339794158935547
eval07,emotion,39,5,1.0637054443359375,0.4941749572753906
eval07,emotion,39,6,1.6237735748291016,-0.2640037536621094
eval07,emotion,39,7,-0.16373062133789062,0.9619865417480469
eval07,emotion,39,8,0.1094970703125,1.2460365295410156
eval07,emotion,39,9,0.5791683197021484,0.8525009155273438
eval07,emotion,39,10,-0.154937744140625,-0.6371822357177734
eval07,emotion,39,11,0.9831352233886719,2.2269973754882812
eval07,emotion,39,12,0.239471435546875,0.1899871826171875
eval07,emotion,39,13,1.2715797424316406,0.27606201171875
eval07,emotion,39,14,1.2954940795898438,0.26900291442871094
eval07,emotion,39,15,0.4297771453857422,-0.487091064453125
eval07,emotion,39,16,0.048824310302734375,-0.17697906494140625
eval07,emotion,39,17,0.334686279296875,0.019733428955078125
eval07,emotion,39,18,-0.5571365356445312,-0.8732452392578125
eval07,emotion,39,19,0.6181621551513672,0.08269309997558594
eval07,emotion,39,20,0.202301025390625,0.386444091796875
eval07,persona,22,1,0.2336559295654297,0.06016814708709717
eval07,persona,22,2,0.030279159545898438,0.001523733139038086
eval07,persona,22,3,0.013183116912841797,0.0010833740234375
eval07,persona,22,4,0.02252817153930664,-0.0002472400665283203
eval07,persona,22,5,0.0018815994262695312,0.0008497834205627441
eval07,persona,22,6,0.0033893585205078125,0.0013924241065979004
eval07,persona,22,7,0.0007386207580566406,0.0008859634399414062
eval07,persona,22,8,0.009996414184570312,0.0003159940242767334
eval07,persona,22,9,0.0031201839447021484,-0.001140296459197998
eval07,persona,22,10,0.004663228988647461,0.003388643264770508
eval07,persona,22,11,0.011844396591186523,-0.00442466139793396
eval07,persona,22,12,0.015140116214752197,0.004881948232650757
eval07,persona,22,13,0.026187419891357422,0.005020737648010254
eval07,persona,22,14,0.01279759407043457,0.004577517509460449
eval07,persona,22,15,0.006746768951416016,-5.9604644775390625e-05
eval07,persona,22,16,0.006846308708190918,0.00540006160736084
eval07,persona,22,17,0.006441235542297363,0.0034421682357788086
eval07,persona,22,18,-0.0020029544830322266,-0.0055800676345825195
eval07,persona,22,19,0.011487066745758057,-0.0014333128929138184
eval07,persona,22,20,0.00029987096786499023,-0.00495755672454834
eval07,persona,39,1,12.542724609375,-1.033843994140625
eval07,persona,39,2,6.537384033203125,-0.38422203063964844
eval07,persona,39,3,3.7198448181152344,0.7379837036132812
eval07,persona,39,4,3.6232223510742188,1.5022163391113281
eval07,persona,39,5,2.242218017578125,0.058338165283203125
eval07,persona,39,6,1.9672222137451172,-0.6452369689941406
eval07,persona,39,7,0.8090019226074219,0.394317626953125
eval07,persona,39,8,3.212421417236328,-0.23276710510253906
eval07,persona,39,9,2.6543102264404297,0.2954883575439453
eval07,persona,39,10,1.396881103515625,-0.6572380065917969
eval07,persona,39,11,3.7782135009765625,0.4369468688964844
eval07,persona,39,12,1.6897201538085938,-1.1818828582763672
eval07,persona,39,13,2.5304527282714844,-0.6470413208007812
eval07,persona,39,14,1.9890823364257812,0.171356201171875
eval07,persona,39,15,0.9981536865234375,-1.1662445068359375
eval07,persona,39,16,1.2335281372070312,-0.2313365936279297
eval07,persona,39,17,0.5713157653808594,-0.031240463256835938
eval07,persona,39,18,0.6422271728515625,-1.0502510070800781
eval07,persona,39,19,0.7183990478515625,0.13971710205078125
eval07,persona,39,20,0.0127716064453125,1.1430206298828125
eval08,emotion,22,1,0.0694742202758789,0.14916610717773438
eval08,emotion,22,2,0.04134654998779297,0.08736824989318848
eval08,emotion,22,3,-0.005054473876953125,0.004016876220703125
eval08,emotion,22,4,0.005498170852661133,0.016164660453796387
eval08,emotion,22,5,-0.0036395788192749023,0.002108454704284668
eval08,emotion,22,6,-0.0014030933380126953,0.005798697471618652
eval08,emotion,22,7,-0.0009984970092773438,0.002056598663330078
eval08,emotion,22,8,0.0002532005310058594,-0.00015103816986083984
eval08,emotion,22,9,0.0028901100158691406,0.0008103847503662109
eval08,emotion,22,10,0.00020053982734680176,-1.7881393432617188e-06
eval08,emotion,22,11,0.0021501481533050537,0.0016863346099853516
eval08,emotion,22,12,-0.0008474886417388916,0.0020253658294677734
eval08,emotion,22,13,-0.00013959407806396484,0.003200531005859375
eval08,emotion,22,14,-0.0018675923347473145,0.004979968070983887
eval08,emotion,22,15,0.0060645341873168945,0.017865657806396484
eval08,emotion,22,16,-0.0028890371322631836,-0.001482248306274414
eval08,emotion,22,17,-0.003951311111450195,0.002146899700164795
eval08,emotion,22,18,-0.0004507303237915039,0.0012257397174835205
eval08,emotion,22,19,-0.0011057555675506592,0.0006941556930541992
eval08,emotion,22,20,-9.500980377197266e-05,0.00011026859283447266
eval08,emotion,39,1,4.9528656005859375,4.619495391845703
eval08,emotion,39,2,4.964599609375,5.921966552734375
eval08,emotion,39,3,3.5457763671875,4.325130462646484
eval08,emotion,39,4,1.9681320190429688,2.502370834350586
eval08,emotion,39,5,0.24454498291015625,1.7766685485839844
eval08,emotion,39,6,0.6451339721679688,1.2086639404296875
eval08,emotion,39,7,0.3832054138183594,0.065582275390625
eval08,emotion,39,8,1.4719200134277344,0.6226654052734375
eval08,emotion,39,9,-0.7014312744140625,0.8619613647460938
eval08,emotion,39,10,0.15392684936523438,-0.16011619567871094
eval08,emotion,39,11,0.36940956115722656,0.38293933868408203
eval08,emotion,39,12,0.6849746704101562,-0.9812431335449219
eval08,emotion,39,13,0.3698863983154297,2.1247787475585938
eval08,emotion,39,14,0.062206268310546875,-0.2367687225341797
eval08,emotion,39,15,0.007080078125,0.04047584533691406
eval08,emotion,39,16,0.09811019897460938,0.2997455596923828
eval08,emotion,39,17,0.7129783630371094,0.3664283752441406
eval08,emotion,39,18,0.06473851203918457,0.5544013977050781
eval08,emotion,39,19,0.5597362518310547,0.273895263671875
eval08,emotion,39,20,-0.23166275024414062,0.40488433837890625
eval08,persona,22,1,0.21759700775146484,0.061244964599609375
eval08,persona,22,2,0.12259626388549805,0.03857159614562988
eval08,persona,22,3,0.00932168960571289,-0.0014830827713012695
eval08,persona,22,4,0.02443718910217285,0.011525750160217285
eval08,persona,22,5,0.0114593505859375,0.001405477523803711
eval08,persona,22,6,0.018359661102294922,0.0024160146713256836
eval08,persona,22,7,0.013280868530273438,0.00298309326171875
eval08,persona,22,8,0.00707554817199707,0.00015461444854736328
eval08,persona,22,9,0.0027125179767608643,-0.00048726797103881836
eval08,persona,22,10,0.00019550323486328125,-8.58306884765625e-06
eval08,persona,22,11,-0.0010834932327270508,2.8133392333984375e-05
eval08,persona,22,12,0.0028666704893112183,0.001951456069946289
eval08,persona,22,13,0.007558584213256836,-5.412101745605469e-05
eval08,persona,22,14,0.01436525583267212,0.003529667854309082
eval08,persona,22,15,0.02884650230407715,0.009804010391235352
eval08,persona,22,16,-1.2516975402832031e-05,0.0009170770645141602
eval08,persona,22,17,0.010874509811401367,0.005685150623321533
eval08,persona,22,18,0.004952609539031982,0.004533588886260986
eval08,persona,22,19,0.003506004810333252,0.0007495880126953125
eval08,persona,22,20,-0.000265657901763916,-0.0018003582954406738
eval08,persona,39,1,7.3894195556640625,1.9936790466308594
eval08,persona,39,2,9.911163330078125,4.14495849609375
eval08,persona,39,3,7.176780700683594,2.0398521423339844
eval08,persona,39,4,2.9919662475585938,1.2475051879882812
eval08,persona,39,5,2.9945449829101562,0.8378429412841797
eval08,persona,39,6,1.8376312255859375,0.8894424438476562
eval08,persona,39,7,2.2021522521972656,-0.18682098388671875
eval08,persona,39,8,2.7725257873535156,-0.2149505615234375
eval08,persona,39,9,0.32025718688964844,-0.761322021484375
eval08,persona,39,10,0.14928436279296875,0.2960624694824219
eval08,persona,39,11,0.2100052833557129,-0.050986289978027344
eval08,persona,39,12,0.7080421447753906,-0.38507080078125
eval08,persona,39,13,1.1399307250976562,-0.6701431274414062
eval08,persona,39,14,0.7385005950927734,1.2220287322998047
eval08,persona,39,15,2.3656997680664062,0.3817138671875
eval08,persona,39,16,-0.42810821533203125,0.022741317749023438
eval08,persona,39,17,1.3311614990234375,-0.08493423461914062
eval08,persona,39,18,0.2248842716217041,0.9551734924316406
eval08,persona,39,19,0.3628864288330078,0.14463043212890625
eval08,persona,39,20,-0.137237548828125,-0.21259307861328125
eval09,emotion,22,1,0.004838705062866211,0.03235208988189697
eval09,emotion,22,2,0.010450363159179688,0.043872714042663574
eval09,emotion,22,3,-0.0038938522338867188,0.005269765853881836
eval09,emotion,22,4,0.0009868144989013672,0.012140989303588867
eval09,emotion,22,5,0.0005917549133300781,0.005685843527317047
eval09,emotion,22,6,0.005490303039550781,0.014187633991241455
eval09,emotion,22,7,0.0024862289428710938,0.006458491086959839
eval09,emotion,22,8,-0.0003657341003417969,0.005754619836807251
eval09,emotion,22,9,0.0007578432559967041,0.001009240746498108
eval09,emotion,22,10,4.07099723815918e-05,-0.0005961358547210693
eval09,emotion,22,11,-0.0026339441537857056,-0.0013216733932495117
eval09,emotion,22,12,0.0007248520851135254,0.003955483436584473
eval09,emotion,22,13,0.0037624239921569824,0.006645336747169495
eval09,emotion,22,14,0.001840353012084961,0.005043089389801025
eval09,emotion,22,15,0.0004906654357910156,0.00879049301147461
eval09,emotion,22,16,0.0016881823539733887,0.004159212112426758
eval09,emotion,22,17,0.004051566123962402,0.016330838203430176
eval09,emotion,22,18,0.0036935806274414062,0.01251840591430664
eval09,emotion,22,19,0.0017352104187011719,0.009038448333740234
eval09,emotion,22,20,0.0011310577392578125,0.005415081977844238
eval09,emotion,39,1,3.2700815200805664,4.896419525146484
eval09,emotion,39,2,4.1089324951171875,5.513343811035156
eval09,emotion,39,3,1.384307861328125,2.0120315551757812
eval09,emotion,39,4,1.0702629089355469,2.6030197143554688
eval09,emotion,39,5,0.8745269775390625,1.6577491760253906
eval09,emotion,39,6,0.26271820068359375,-0.31191253662109375
eval09,emotion,39,7,0.71893310546875,0.637176513671875
eval09,emotion,39,8,-0.12534332275390625,0.43799591064453125
eval09,emotion,39,9,0.6189651489257812,0.8465042114257812
eval09,emotion,39,10,0.6327457427978516,0.110076904296875
eval09,emotion,39,11,0.6603507995605469,0.5220260620117188
eval09,emotion,39,12,0.1560211181640625,-0.6530799865722656
eval09,emotion,39,13,-1.213470458984375,1.0487213134765625
eval09,emotion,39,14,0.09896087646484375,0.004150390625
eval09,emotion,39,15,-0.33046722412109375,-0.7899684906005859
eval09,emotion,39,16,0.4694023132324219,0.21196556091308594
eval09,emotion,39,17,0.22917938232421875,-0.6807537078857422
eval09,emotion,39,18,1.5628089904785156,1.1640911102294922
eval09,emotion,39,19,0.2577667236328125,0.02727794647216797
eval09,emotion,39,20,-0.684326171875,0.05666160583496094
eval09,persona,22,1,0.04200011491775513,0.00806128978729248
eval09,persona,22,2,0.06624889373779297,0.0033065080642700195
eval09,persona,22,3,0.016516685485839844,-0.0036377906799316406
eval09,persona,22,4,0.020172834396362305,0.004998058080673218
eval09,persona,22,5,0.017363667488098145,0.001797206699848175
eval09,persona,22,6,0.03127455711364746,0.004427582025527954
eval09,persona,22,7,0.022632360458374023,0.004364907741546631
eval09,persona,22,8,0.011365115642547607,0.006567895412445068
eval09,persona,22,9,0.0019132494926452637,-0.0009497106075286865
eval09,persona,22,10,0.0028879642486572266,0.0009745657444000244
eval09,persona,22,11,0.00020742416381835938,-0.0010457634925842285
eval09,persona,22,12,0.013386130332946777,0.007670223712921143
eval09,persona,22,13,0.008896708488464355,0.004046410322189331
eval09,persona,22,14,0.006127119064331055,0.004275619983673096
eval09,persona,22,15,0.030871868133544922,0.002974271774291992
eval09,persona,22,16,0.020894169807434082,0.004281401634216309
eval09,persona,22,17,0.02703678607940674,0.007319211959838867
eval09,persona,22,18,0.018245935440063477,0.0045021772384643555
eval09,persona,22,19,0.02084207534790039,0.0006557106971740723
eval09,persona,22,20,0.010287761688232422,0.0029305219650268555
eval09,persona,39,1,6.944371223449707,0.4006690979003906
eval09,persona,39,2,10.890823364257812,3.2266769409179688
eval09,persona,39,3,5.47161865234375,1.1725845336914062
eval09,persona,39,4,3.264402389526367,1.9378738403320312
eval09,persona,39,5,2.901153564453125,0.5167121887207031
eval09,persona,39,6,2.8999557495117188,-0.6392059326171875
eval09,persona,39,7,1.7741470336914062,0.3610382080078125
eval09,persona,39,8,0.9291763305664062,-0.0726165771484375
eval09,persona,39,9,0.2791099548339844,0.35533905029296875
eval09,persona,39,10,0.5541343688964844,-0.3679046630859375
eval09,persona,39,11,0.2958641052246094,0.9719696044921875
eval09,persona,39,12,1.5503616333007812,-1.4531440734863281
eval09,persona,39,13,0.19899749755859375,-0.02333831787109375
eval09,persona,39,14,2.1020736694335938,0.1298065185546875
eval09,persona,39,15,1.8992595672607422,-0.35977745056152344
eval09,persona,39,16,0.8385410308837891,-1.0755176544189453
eval09,persona,39,17,2.6966476440429688,-0.6176176071166992
eval09,persona,39,18,3.1537551879882812,0.3575706481933594
eval09,persona,39,19,1.4436893463134766,-0.6966972351074219
eval09,persona,39,20,-1.0722465515136719,-0.20941162109375
eval10,emotion,22,1,0.008785724639892578,0.023499369621276855
eval10,emotion,22,2,0.0023012161254882812,0.008807063102722168
eval10,emotion,22,3,0.009847640991210938,0.014769554138183594
eval10,emotion,22,4,0.0003204345703125,0.0034192800521850586
eval10,emotion,22,5,0.004363059997558594,0.007419943809509277
eval10,emotion,22,6,0.009350776672363281,0.018494606018066406
eval10,emotion,22,7,0.007312297821044922,0.013206720352172852
eval10,emotion,22,8,0.003183126449584961,0.006121277809143066
eval10,emotion,22,9,-0.0005934238433837891,0.00017142295837402344
eval10,emotion,22,10,0.002119779586791992,0.00587773323059082
eval10,emotion,22,11,4.744529724121094e-05,0.002169013023376465
eval10,emotion,22,12,0.0013852119445800781,0.008808374404907227
eval10,emotion,22,13,-0.0011277198791503906,0.0068247318267822266
eval10,emotion,22,14,-3.075599670410156e-05,0.0016603469848632812
eval10,emotion,22,15,0.002661466598510742,0.006695270538330078
eval10,emotion,22,16,0.005614876747131348,0.007639527320861816
eval10,emotion,22,17,0.003982067108154297,0.0017004013061523438
eval10,emotion,22,18,-0.0008878707885742188,0.0031685829162597656
eval10,emotion,22,19,-0.00145721435546875,-0.0006413459777832031
eval10,emotion,22,20,-0.0006326436996459961,0.004382610321044922
eval10,emotion,39,1,0.63653564453125,0.3271026611328125
eval10,emotion,39,2,1.4576873779296875,1.3561592102050781
eval10,emotion,39,3,1.106292724609375,0.86578369140625
eval10,emotion,39,4,-3.7258453369140625,1.0820808410644531
eval10,emotion,39,5,-0.977447509765625,0.10122299194335938
eval10,emotion,39,6,1.0859222412109375,-0.34619140625
eval10,emotion,39,7,-1.1202774047851562,0.5723533630371094
eval10,emotion,39,8,0.41814422607421875,0.4879722595214844
eval10,emotion,39,9,0.16033172607421875,0.4037742614746094
eval10,emotion,39,10,0.46018218994140625,1.0636138916015625
eval10,emotion,39,11,-0.778900146484375,-1.3169059753417969
eval10,emotion,39,12,0.5340423583984375,0.31139373779296875
eval10,emotion,39,13,0.7898025512695312,-0.0043087005615234375
eval10,emotion,39,14,0.7647552490234375,0.16750478744506836
eval10,emotion,39,15,0.3569221496582031,-0.14231109619140625
eval10,emotion,39,16,0.2882194519042969,-0.423004150390625
eval10,emotion,39,17,0.10430145263671875,-0.1676025390625
eval10,emotion,39,18,0.6529006958007812,-0.085540771484375
eval10,emotion,39,19,-0.06536483764648438,0.5307340621948242
eval10,emotion,39,20,-0.7106189727783203,0.0091552734375
eval10,persona,22,1,0.030237436294555664,0.002852797508239746
eval10,persona,22,2,0.019517898559570312,-0.004264235496520996
eval10,persona,22,3,0.02971363067626953,-0.0016016960144042969
eval10,persona,22,4,0.007862091064453125,-0.0049942731857299805
eval10,persona,22,5,0.013034820556640625,0.005764365196228027
eval10,persona,22,6,0.025910377502441406,0.010394096374511719
eval10,persona,22,7,0.017528533935546875,0.004199028015136719
eval10,persona,22,8,0.007001161575317383,0.0028084516525268555
eval10,persona,22,9,-0.0024050474166870117,-0.0016493797302246094
eval10,persona,22,10,0.011168360710144043,0.0043523311614990234
eval10,persona,22,11,0.0031070709228515625,0.00015652179718017578
eval10,persona,22,12,0.017480850219726562,0.0028390884399414062
eval10,persona,22,13,0.011978626251220703,0.0013761520385742188
eval10,persona,22,14,0.012662649154663086,0.0011644363403320312
eval10,persona,22,15,0.01940011978149414,0.006408214569091797
eval10,persona,22,16,0.008518338203430176,0.0037682056427001953
eval10,persona,22,17,0.00905919075012207,0.00033545494079589844
eval10,persona,22,18,0.0064411163330078125,-0.0008692741394042969
eval10,persona,22,19,0.0031871795654296875,-0.004865884780883789
eval10,persona,22,20,0.006129026412963867,0.0015482902526855469
eval10,persona,39,1,4.6028289794921875,-0.20580291748046875
eval10,persona,39,2,6.2037353515625,1.0667152404785156
eval10,persona,39,3,3.038787841796875,0.0976409912109375
eval10,persona,39,4,-0.755096435546875,0.5833549499511719
eval10,persona,39,5,1.7169265747070312,-0.27338409423828125
eval10,persona,39,6,4.5463104248046875,0.9616737365722656
eval10,persona,39,7,1.0821609497070312,0.4377098083496094
eval10,persona,39,8,1.9868850708007812,0.7153968811035156
eval10,persona,39,9,1.026885986328125,0.5777320861816406
eval10,persona,39,10,1.799285888671875,0.7532558441162109
eval10,persona,39,11,1.793487548828125,-1.2245445251464844
eval10,persona,39,12,3.702117919921875,1.2047061920166016
eval10,persona,39,13,1.5992584228515625,0.8816976547241211
eval10,persona,39,14,1.4278717041015625,0.23654556274414062
eval10,persona,39,15,3.4699363708496094,0.514373779296875
eval10,persona,39,16,2.4786453247070312,0.2506256103515625
eval10,persona,39,17,3.0458908081054688,-0.3304119110107422
eval10,persona,39,18,0.8325614929199219,0.09634017944335938
eval10,persona,39,19,0.2344207763671875,-0.3716087341308594
eval10,persona,39,20,-0.194671630859375,0.016204833984375
eval11,emotion,22,1,0.042527198791503906,0.09202969074249268
eval11,emotion,22,2,0.0211181640625,0.05297732353210449
eval11,emotion,22,3,1.5735626220703125e-05,-0.0035886764526367188
eval11,emotion,22,4,0.0015645027160644531,-0.00035458803176879883
eval11,emotion,22,5,-0.001232534646987915,0.0017625093460083008
eval11,emotion,22,6,0.0017590820789337158,-0.00011560320854187012
eval11,emotion,22,7,0.006681919097900391,0.012408137321472168
eval11,emotion,22,8,0.005839824676513672,0.005671262741088867
eval11,emotion,22,9,0.00012040138244628906,-0.0004697442054748535
eval11,emotion,22,10,0.0007359981536865234,0.003438204526901245
eval11,emotion,22,11,0.0013513565063476562,0.00204545259475708
eval11,emotion,22,12,-0.0008893013000488281,-0.006815433502197266
eval11,emotion,22,13,-0.0037603378295898438,-0.006011307239532471
eval11,emotion,22,14,0.005179166793823242,0.012403368949890137
eval11,emotion,22,15,0.0050220489501953125,0.008356332778930664
eval11,emotion,22,16,0.0022569894790649414,0.006790667772293091
eval11,emotion,22,17,-0.0008276700973510742,0.0012550950050354004
eval11,emotion,22,18,-0.004198312759399414,-0.008112788200378418
eval11,emotion,22,19,-0.00015622377395629883,-0.0007781386375427246
eval11,emotion,22,20,0.0017665624618530273,-0.0016914606094360352
eval11,emotion,39,1,2.75372314453125,3.1340484619140625
eval11,emotion,39,2,2.5054779052734375,3.0660781860351562
eval11,emotion,39,3,1.0418014526367188,2.622922897338867
eval11,emotion,39,4,1.3249626159667969,0.3519287109375
eval11,emotion,39,5,-0.1480255126953125,-0.2187652587890625
eval11,emotion,39,6,-0.2028045654296875,-0.1320648193359375
eval11,emotion,39,7,1.2289199829101562,0.6338462829589844
eval11,emotion,39,8,0.48102569580078125,1.4829330444335938
eval11,emotion,39,9,-0.3504486083984375,0.2091064453125
eval11,emotion,39,10,-0.6638641357421875,-0.0619354248046875
eval11,emotion,39,11,0.3345489501953125,0.4065208435058594
eval11,emotion,39,12,0.12715530395507812,-0.15980148315429688
eval11,emotion,39,13,0.5975875854492188,0.4269256591796875
eval11,emotion,39,14,1.0383758544921875,-0.05033111572265625
eval11,emotion,39,15,-0.15053939819335938,0.6328983306884766
eval11,emotion,39,16,0.7401084899902344,0.5909900665283203
eval11,emotion,39,17,-0.29016876220703125,0.7038002014160156
eval11,emotion,39,18,0.6724662780761719,1.2196044921875
eval11,emotion,39,19,1.1795158386230469,0.31751251220703125
eval11,emotion,39,20,-0.12828826904296875,0.15481185913085938
eval11,persona,22,1,0.13204383850097656,0.03270542621612549
eval11,persona,22,2,0.07729339599609375,0.02807748317718506
eval11,persona,22,3,0.0002598762512207031,-0.0120125412940979
eval11,persona,22,4,0.012182950973510742,-0.0008131265640258789
eval11,persona,22,5,0.004803955554962158,-0.0016200542449951172
eval11,persona,22,6,0.0010382533073425293,-0.00038000941276550293
eval11,persona,22,7,0.03215765953063965,0.004500389099121094
eval11,persona,22,8,0.009322166442871094,0.0027780681848526
eval11,persona,22,9,0.003960609436035156,-0.0003648996353149414
eval11,persona,22,10,0.008716344833374023,0.0024555623531341553
eval11,persona,22,11,0.005300998687744141,0.0025867819786071777
eval11,persona,22,12,0.011262178421020508,-0.00546419620513916
eval11,persona,22,13,0.003567218780517578,-0.005467832088470459
eval11,persona,22,14,0.020942211151123047,0.0004712343215942383
eval11,persona,22,15,0.01709294319152832,0.005436062812805176
eval11,persona,22,16,0.0044242143630981445,0.000509798526763916
eval11,persona,22,17,-0.0027046799659729004,-0.0013485550880432129
eval11,persona,22,18,-0.009582757949829102,-0.008720695972442627
eval11,persona,22,19,0.0019518136978149414,-0.0019747018814086914
eval11,persona,22,20,0.0012860894203186035,-0.005238890647888184
eval11,persona,39,1,11.4110107421875,1.2374801635742188
eval11,persona,39,2,9.080192565917969,1.6007461547851562
eval11,persona,39,3,3.024078369140625,-2.0892324447631836
eval11,persona,39,4,2.3263492584228516,0.770477294921875
eval11,persona,39,5,1.698862075805664,-1.1244354248046875
eval11,persona,39,6,0.7113037109375,0.6797409057617188
eval11,persona,39,7,2.79193115234375,-0.09625625610351562
eval11,persona,39,8,2.0288619995117188,0.21001434326171875
eval11,persona,39,9,0.9477577209472656,-0.43413543701171875
eval11,persona,39,10,1.232177734375,-0.483612060546875
eval11,persona,39,11,0.4318523406982422,-0.43058013916015625
eval11,persona,39,12,2.4467411041259766,-1.1910147666931152
eval11,persona,39,13,2.3409423828125,0.05344390869140625
eval11,persona,39,14,1.9457168579101562,-0.6430816650390625
eval11,persona,39,15,0.9358253479003906,0.00589752197265625
eval11,persona,39,16,0.6940135955810547,0.3769569396972656
eval11,persona,39,17,0.391021728515625,-0.49954986572265625
eval11,persona,39,18,0.13467025756835938,-0.43704986572265625
eval11,persona,39,19,1.1113815307617188,-0.35811614990234375
eval11,persona,39,20,0.3794898986816406,-0.10603904724121094
eval12,emotion,22,1,0.004393577575683594,0.02203989028930664
eval12,emotion,22,2,0.004774570465087891,0.009369373321533203
eval12,emotion,22,3,-0.0056688785552978516,0.00046569108963012695
eval12,emotion,22,4,-0.002539515495300293,-0.0012999773025512695
eval12,emotion,22,5,-0.006592273712158203,0.0002810359001159668
eval12,emotion,22,6,0.0018770694732666016,0.006389260292053223
eval12,emotion,22,7,-0.0033659934997558594,0.0063484907150268555
eval12,emotion,22,8,0.0030202865600585938,0.00563359260559082
eval12,emotion,22,9,-0.00516057014465332,0.0007207393646240234
eval12,emotion,22,10,-0.001753091812133789,0.0023658275604248047
eval12,emotion,22,11,-0.004533529281616211,-0.0031478404998779297
eval12,emotion,22,12,-0.005051612854003906,-0.004031181335449219
eval12,emotion,22,13,-0.0005478858947753906,0.0021104812622070312
eval12,emotion,22,14,-0.0030832290649414062,-0.0015883445739746094
eval12,emotion,22,15,-0.0009036064147949219,0.0015578269958496094
eval12,emotion,22,16,-0.0030679702758789062,-0.0012586116790771484
eval12,emotion,22,17,-0.002644062042236328,-0.0007143020629882812
eval12,emotion,22,18,0.00041961669921875,0.0023403167724609375
eval12,emotion,22,19,0.0011587142944335938,-0.0007472038269042969
eval12,emotion,22,20,0.001956939697265625,0.0008249282836914062
eval12,emotion,39,1,2.9056396484375,2.6499404907226562
eval12,emotion,39,2,2.7479248046875,2.2779922485351562
eval12,emotion,39,3,-0.1482105255126953,0.8419671058654785
eval12,emotion,39,4,0.1267986297607422,-0.32206153869628906
eval12,emotion,39,5,-0.23580551147460938,0.15604782104492188
eval12,emotion,39,6,0.48302459716796875,-0.24089813232421875
eval12,emotion,39,7,1.5203590393066406,1.2455520629882812
eval12,emotion,39,8,1.277872085571289,0.6997299194335938
eval12,emotion,39,9,-0.38303375244140625,0.48227691650390625
eval12,emotion,39,10,1.182577133178711,1.3250083923339844
eval12,emotion,39,11,0.3706350326538086,-0.213623046875
eval12,emotion,39,12,0.589691162109375,-0.06806182861328125
eval12,emotion,39,13,0.1589813232421875,0.21271896362304688
eval12,emotion,39,14,0.937530517578125,0.5130767822265625
eval12,emotion,39,15,-0.8869705200195312,0.2510948181152344
eval12,emotion,39,16,-0.123779296875,1.3636283874511719
eval12,emotion,39,17,-0.5355224609375,0.0467987060546875
eval12,emotion,39,18,-1.2327117919921875,0.5345001220703125
eval12,emotion,39,19,0.3244781494140625,1.695953369140625
eval12,emotion,39,20,0.483154296875,0.8524627685546875
eval12,persona,22,1,0.031651973724365234,0.01330423355102539
eval12,persona,22,2,0.021785736083984375,0.003755331039428711
eval12,persona,22,3,0.0036668777465820312,2.8312206268310547e-05
eval12,persona,22,4,0.005694031715393066,0.002971649169921875
eval12,persona,22,5,0.0027294158935546875,0.0023900270462036133
eval12,persona,22,6,0.015387296676635742,0.0056951045989990234
eval12,persona,22,7,0.012626171112060547,0.00547027587890625
eval12,persona,22,8,0.007831096649169922,0.003422260284423828
eval12,persona,22,9,0.002901911735534668,0.0031316280364990234
eval12,persona,22,10,0.0020638704299926758,0.0008434057235717773
eval12,persona,22,11,-0.011629343032836914,-0.0021224021911621094
eval12,persona,22,12,0.006552219390869141,-0.0024640560150146484
eval12,persona,22,13,0.004413127899169922,0.0007576942443847656
eval12,persona,22,14,0.000362396240234375,-0.0023047924041748047
eval12,persona,22,15,-0.0008263587951660156,0.0020248889923095703
eval12,persona,22,16,-0.0028209686279296875,-0.00445246696472168
eval12,persona,22,17,0.0009694099426269531,0.0007145404815673828
eval12,persona,22,18,0.00269317626953125,0.0027132034301757812
eval12,persona,22,19,-8.487701416015625e-05,-0.0016283988952636719
eval12,persona,22,20,-0.0007839202880859375,0.0008554458618164062
eval12,persona,39,1,9.268707275390625,-0.4903583526611328
eval12,persona,39,2,8.8411865234375,1.9772472381591797
eval12,persona,39,3,1.9639472961425781,0.41297340393066406
eval12,persona,39,4,-0.007060050964355469,-0.18082332611083984
eval12,persona,39,5,0.1163330078125,0.037609100341796875
eval12,persona,39,6,1.176910400390625,-0.5575351715087891
eval12,persona,39,7,4.379657745361328,0.7146072387695312
eval12,persona,39,8,1.1306629180908203,0.0716400146484375
eval12,persona,39,9,2.265085220336914,1.437591552734375
eval12,persona,39,10,1.7182369232177734,0.11026191711425781
eval12,persona,39,11,1.5511341094970703,-1.0107879638671875
eval12,persona,39,12,0.18377685546875,0.2017669677734375
eval12,persona,39,13,0.5061492919921875,-0.054279327392578125
eval12,persona,39,14,0.121063232421875,0.16593170166015625
eval12,persona,39,15,0.36302947998046875,0.31375885009765625
eval12,persona,39,16,0.176788330078125,-0.3966522216796875
eval12,persona,39,17,-1.2751312255859375,-0.6263427734375
eval12,persona,39,18,0.4205169677734375,0.8350982666015625
eval12,persona,39,19,-0.081329345703125,0.97857666015625
eval12,persona,39,20,0.836883544921875,1.407135009765625
eval13,emotion,22,1,-0.005403757095336914,-0.005195498466491699
eval13,emotion,22,2,0.0018055438995361328,0.0019132792949676514
eval13,emotion,22,3,-0.0023725032806396484,-0.004915714263916016
eval13,emotion,22,4,-0.001455068588256836,0.0005986690521240234
eval13,emotion,22,5,-0.001634061336517334,0.0010907799005508423
eval13,emotion,22,6,-0.0030326247215270996,0.0023117363452911377
eval13,emotion,22,7,0.0010794997215270996,-0.0007085204124450684
eval13,emotion,22,8,0.001363515853881836,0.0020148754119873047
eval13,emotion,22,9,0.0008287429809570312,0.0026731491088867188
eval13,emotion,22,10,0.002780437469482422,0.006051301956176758
eval13,emotion,22,11,-0.00102996826171875,-0.0006821751594543457
eval13,emotion,22,12,-0.0020470619201660156,-0.002923727035522461
eval13,emotion,22,13,0.0020666122436523438,0.0012478828430175781
eval13,emotion,22,14,-0.0022123754024505615,-0.0005373656749725342
eval13,emotion,22,15,0.0009789466857910156,0.00561368465423584
eval13,emotion,22,16,-0.0008327364921569824,-0.0026218295097351074
eval13,emotion,22,17,-0.0035071969032287598,-0.0026065707206726074
eval13,emotion,22,18,0.0001602768898010254,-0.0022942721843719482
eval13,emotion,22,19,-0.000919044017791748,0.0017612874507904053
eval13,emotion,22,20,0.0010110437870025635,0.0012441277503967285
eval13,emotion,39,1,3.181396484375,4.978939056396484
eval13,emotion,39,2,0.6260643005371094,0.5518112182617188
eval13,emotion,39,3,-0.9345703125,-0.7933311462402344
eval13,emotion,39,4,-0.2007312774658203,-0.45648956298828125
eval13,emotion,39,5,-1.2392349243164062,-0.05864524841308594
eval13,emotion,39,6,-1.3227300643920898,0.4385547637939453
eval13,emotion,39,7,0.180267333984375,0.2787055969238281
eval13,emotion,39,8,-0.4331512451171875,0.15384483337402344
eval13,emotion,39,9,0.93499755859375,0.5715961456298828
eval13,emotion,39,10,-0.15940093994140625,0.7893867492675781
eval13,emotion,39,11,-0.6805572509765625,-0.1894073486328125
eval13,emotion,39,12,-0.44818973541259766,-0.026057004928588867
eval13,emotion,39,13,0.3939208984375,0.8350868225097656
eval13,emotion,39,14,0.1355915069580078,0.25691890716552734
eval13,emotion,39,15,0.5030059814453125,1.0945663452148438
eval13,emotion,39,16,0.1243438720703125,0.7135505676269531
eval13,emotion,39,17,-0.7433872222900391,0.3606681823730469
eval13,emotion,39,18,-0.7096490859985352,0.6831779479980469
eval13,emotion,39,19,1.2451591491699219,1.927947998046875
eval13,emotion,39,20,0.414306640625,0.5175132751464844
eval13,persona,22,1,-0.0030965805053710938,-0.005796253681182861
eval13,persona,22,2,0.011186301708221436,-8.949637413024902e-05
eval13,persona,22,3,0.0007460117340087891,-0.0037255287170410156
eval13,persona,22,4,-0.0014858245849609375,-0.0028806328773498535
eval13,persona,22,5,0.0011581778526306152,0.0007600486278533936
eval13,persona,22,6,0.004244387149810791,0.0015159845352172852
eval13,persona,22,7,0.0012643933296203613,0.00010645389556884766
eval13,persona,22,8,0.009374380111694336,0.0011785030364990234
eval13,persona,22,9,0.004651069641113281,4.482269287109375e-05
eval13,persona,22,10,0.004078388214111328,0.0018687248229980469
eval13,persona,22,11,-4.363059997558594e-05,0.0015261173248291016
eval13,persona,22,12,-0.0018917322158813477,-0.0020592212677001953
eval13,persona,22,13,0.0055027008056640625,0.00013363361358642578
eval13,persona,22,14,0.00223580002784729,-0.003344103693962097
eval13,persona,22,15,0.021839559078216553,0.0038012266159057617
eval13,persona,22,16,0.0006021261215209961,-0.004263818264007568
eval13,persona,22,17,-0.0014327764511108398,-0.0019138753414154053
eval13,persona,22,18,0.0020932555198669434,-0.002423331141471863
eval13,persona,22,19,0.0018399953842163086,0.0007092654705047607
eval13,persona,22,20,-0.00042413175106048584,-0.0017230510711669922
eval13,persona,39,1,6.828887939453125,3.028789520263672
eval13,persona,39,2,1.212127685546875,0.0824432373046875
eval13,persona,39,3,0.04524993896484375,-0.47884368896484375
eval13,persona,39,4,-0.18610382080078125,-0.7130370140075684
eval13,persona,39,5,-1.4211273193359375,-0.5915260314941406
eval13,persona,39,6,0.2611422538757324,0.003692626953125
eval13,persona,39,7,0.4967918395996094,0.2849454879760742
eval13,persona,39,8,1.0345916748046875,0.1991424560546875
eval13,persona,39,9,1.0734710693359375,0.1678905487060547
eval13,persona,39,10,1.29144287109375,1.4711723327636719
eval13,persona,39,11,-0.5820159912109375,0.06776809692382812
eval13,persona,39,12,-0.05476236343383789,-0.02712845802307129
eval13,persona,39,13,1.2882957458496094,0.9938774108886719
eval13,persona,39,14,1.4254837036132812,0.1897115707397461
eval13,persona,39,15,0.6569290161132812,0.055324554443359375
eval13,persona,39,16,-0.49908447265625,-0.11991119384765625
eval13,persona,39,17,-0.13310623168945312,-0.28607177734375
eval13,persona,39,18,-0.048722267150878906,-0.12776947021484375
eval13,persona,39,19,0.20602035522460938,0.4614067077636719
eval13,persona,39,20,0.34841156005859375,-0.09424018859863281
eval14,emotion,22,1,-0.005132794380187988,-0.008265435695648193
eval14,emotion,22,2,-0.005244851112365723,-0.008602261543273926
eval14,emotion,22,3,-0.0012249946594238281,-0.002972841262817383
eval14,emotion,22,4,-0.004166364669799805,0.0051479339599609375
eval14,emotion,22,5,-0.0002560615539550781,5.817413330078125e-05
eval14,emotion,22,6,-0.0004153251647949219,0.0020868778228759766
eval14,emotion,22,7,-0.0006785392761230469,0.0014841556549072266
eval14,emotion,22,8,0.0002346038818359375,0.0012778043746948242
eval14,emotion,22,9,0.0024552345275878906,0.0025424957275390625
eval14,emotion,22,10,0.0017995834350585938,-0.0006418228149414062
eval14,emotion,22,11,0.0011870861053466797,0.0014429092407226562
eval14,emotion,22,12,0.00039768218994140625,-0.00010013580322265625
eval14,emotion,22,13,-0.004991769790649414,-0.005324304103851318
eval14,emotion,22,14,-0.001074671745300293,-0.0002922266721725464
eval14,emotion,22,15,-0.0012559294700622559,0.0007750988006591797
eval14,emotion,22,16,0.005085289478302002,0.0029740333557128906
eval14,emotion,22,17,-0.0021575838327407837,0.0015599727630615234
eval14,emotion,22,18,0.0015411972999572754,0.0017538070678710938
eval14,emotion,22,19,-0.0003058910369873047,0.0008709430694580078
eval14,emotion,22,20,-0.0008400380611419678,-0.0003349781036376953
eval14,emotion,39,1,0.998016357421875,2.98919677734375
eval14,emotion,39,2,-0.10592269897460938,0.2229156494140625
eval14,emotion,39,3,-1.1710948944091797,-0.5193099975585938
eval14,emotion,39,4,-1.952667236328125,-0.06364202499389648
eval14,emotion,39,5,0.4076080322265625,-0.22867965698242188
eval14,emotion,39,6,0.17430877685546875,0.0955963134765625
eval14,emotion,39,7,0.47175025939941406,-1.1497573852539062
eval14,emotion,39,8,-0.2921180725097656,-0.24431991577148438
eval14,emotion,39,9,-0.5956611633300781,0.39385414123535156
eval14,emotion,39,10,-0.2590599060058594,-0.9853811264038086
eval14,emotion,39,11,-0.5642719268798828,-0.3668861389160156
eval14,emotion,39,12,-0.8049392700195312,-0.37656402587890625
eval14,emotion,39,13,0.39015960693359375,0.15270233154296875
eval14,emotion,39,14,0.6105880737304688,0.4540252685546875
eval14,emotion,39,15,0.5222530364990234,0.5810356140136719
eval14,emotion,39,16,-1.2773284912109375,0.6891002655029297
eval14,emotion,39,17,-0.1502361297607422,-0.2645149230957031
eval14,emotion,39,18,-0.2515411376953125,0.6080055236816406
eval14,emotion,39,19,-0.6997604370117188,0.47078895568847656
eval14,emotion,39,20,0.36068296432495117,0.6635284423828125
eval14,persona,22,1,-0.006246805191040039,-0.0054582953453063965
eval14,persona,22,2,-0.001860499382019043,-0.004181265830993652
eval14,persona,22,3,0.0019297599792480469,-0.0014431476593017578
eval14,persona,22,4,0.0039577484130859375,0.0015690326690673828
eval14,persona,22,5,0.003923892974853516,5.340576171875e-05
eval14,persona,22,6,-0.0013284683227539062,-0.0005824565887451172
eval14,persona,22,7,0.002841949462890625,0.0009047985076904297
eval14,persona,22,8,0.002609729766845703,0.0009047985076904297
eval14,persona,22,9,0.005639791488647461,0.0014569759368896484
eval14,persona,22,10,0.0014660358428955078,0.0006818771362304688
eval14,persona,22,11,0.0009908676147460938,-0.0001633167266845703
eval14,persona,22,12,0.0024046897888183594,-0.0004943609237670898
eval14,persona,22,13,-0.002038240432739258,-0.0034936368465423584
eval14,persona,22,14,-0.0013203620910644531,-0.00011016428470611572
eval14,persona,22,15,0.002038121223449707,0.0009326338768005371
eval14,persona,22,16,0.009458869695663452,0.002962470054626465
eval14,persona,22,17,0.003284156322479248,1.2278556823730469e-05
eval14,persona,22,18,0.0009681582450866699,0.00037550926208496094
eval14,persona,22,19,0.0006278157234191895,0.0005285739898681641
eval14,persona,22,20,-0.0006625354290008545,-0.0005804300308227539
eval14,persona,39,1,2.98199462890625,0.01165771484375
eval14,persona,39,2,0.40232086181640625,-0.521270751953125
eval14,persona,39,3,-0.8919906616210938,-0.2622528076171875
eval14,persona,39,4,0.428070068359375,-0.46742677688598633
eval14,persona,39,5,-0.3928070068359375,0.09584903717041016
eval14,persona,39,6,0.2746124267578125,0.10259532928466797
eval14,persona,39,7,-0.013338088989257812,-1.1152763366699219
eval14,persona,39,8,0.15341949462890625,0.3575572967529297
eval14,persona,39,9,-0.2899665832519531,0.6083164215087891
eval14,persona,39,10,-0.9804267883300781,-0.4451150894165039
eval14,persona,39,11,1.1408405303955078,0.21968650817871094
eval14,persona,39,12,-1.0410537719726562,0.10040283203125
eval14,persona,39,13,0.723297119140625,0.0705108642578125
eval14,persona,39,14,0.4586181640625,0.23552322387695312
eval14,persona,39,15,0.44559669494628906,0.8150920867919922
eval14,persona,39,16,0.0046539306640625,-0.22313308715820312
eval14,persona,39,17,-0.21490097045898438,0.18453216552734375
eval14,persona,39,18,0.27568817138671875,0.77789306640625
eval14,persona,39,19,-0.02964019775390625,0.22154998779296875
eval14,persona,39,20,0.8261804580688477,0.3485076427459717
eval15,emotion,22,1,0.02364969253540039,0.07857286930084229
eval15,emotion,22,2,0.03171825408935547,0.060571908950805664
eval15,emotion,22,3,0.011953353881835938,0.03163290023803711
eval15,emotion,22,4,0.004916667938232422,0.012387275695800781
eval15,emotion,22,5,0.0033664703369140625,0.011250495910644531
eval15,emotion,22,6,0.0014963150024414062,0.007538795471191406
eval15,emotion,22,7,0.0036368370056152344,0.007436513900756836
eval15,emotion,22,8,0.0030660629272460938,0.004287004470825195
eval15,emotion,22,9,0.00502467155456543,0.0035076141357421875
eval15,emotion,22,10,-4.38690185546875e-05,0.0011296272277832031
eval15,emotion,22,11,-0.0001220703125,0.007463216781616211
eval15,emotion,22,12,0.0024938583374023438,0.0073549747467041016
eval15,emotion,22,13,0.006636619567871094,0.013592243194580078
eval15,emotion,22,14,0.0033986568450927734,0.005916595458984375
eval15,emotion,22,15,0.00031006336212158203,-0.0012602806091308594
eval15,emotion,22,16,-0.0021603479981422424,-0.0001857280731201172
eval15,emotion,22,17,-0.0019344091415405273,-0.002676844596862793
eval15,emotion,22,18,-0.00022900104522705078,0.0003859996795654297
eval15,emotion,22,19,0.0003751516342163086,0.00013756752014160156
eval15,emotion,22,20,0.003739595413208008,0.00673365592956543
eval15,emotion,39,1,5.792755126953125,4.959451675415039
eval15,emotion,39,2,2.8754425048828125,3.1794967651367188
eval15,emotion,39,3,0.8198394775390625,2.571239471435547
eval15,emotion,39,4,1.57611083984375,2.8334007263183594
eval15,emotion,39,5,2.037384033203125,1.6871719360351562
eval15,emotion,39,6,1.0387115478515625,2.065216064453125
eval15,emotion,39,7,-0.03031158447265625,1.3389034271240234
eval15,emotion,39,8,-0.3944416046142578,0.7076988220214844
eval15,emotion,39,9,0.6114616394042969,-0.3061389923095703
eval15,emotion,39,10,-0.41634464263916016,-0.4439811706542969
eval15,emotion,39,11,-0.08179473876953125,1.1581878662109375
eval15,emotion,39,12,0.2651195526123047,1.6572608947753906
eval15,emotion,39,13,1.1570205688476562,2.4561614990234375
eval15,emotion,39,14,1.1529998779296875,0.8146629333496094
eval15,emotion,39,15,-1.3695697784423828,0.98992919921875
eval15,emotion,39,16,0.38481712341308594,0.5946426391601562
eval15,emotion,39,17,-1.8416709899902344,0.49187660217285156
eval15,emotion,39,18,0.44283008575439453,1.0090656280517578
eval15,emotion,39,19,-0.6448268890380859,1.7636137008666992
eval15,emotion,39,20,0.6520748138427734,1.7671585083007812
eval15,persona,22,1,0.11710834503173828,0.03847813606262207
eval15,persona,22,2,0.11249637603759766,0.03094029426574707
eval15,persona,22,3,0.0683755874633789,0.012871265411376953
eval15,persona,22,4,0.018423080444335938,-0.0006055831909179688
eval15,persona,22,5,0.018299102783203125,0.0038728713989257812
eval15,persona,22,6,0.015314102172851562,0.0033235549926757812
eval15,persona,22,7,0.008900642395019531,0.005396366119384766
eval15,persona,22,8,0.007195949554443359,0.001852273941040039
eval15,persona,22,9,0.006125688552856445,0.003005504608154297
eval15,persona,22,10,0.001871347427368164,0.0007932186126708984
eval15,persona,22,11,0.015130043029785156,0.007102012634277344
eval15,persona,22,12,0.016945362091064453,0.006268978118896484
eval15,persona,22,13,0.025882244110107422,0.007620811462402344
eval15,persona,22,14,0.01933908462524414,0.005447506904602051
eval15,persona,22,15,0.004472255706787109,-0.00039395689964294434
eval15,persona,22,16,0.002006940543651581,0.0007061958312988281
eval15,persona,22,17,0.001691579818725586,0.0006116628646850586
eval15,persona,22,18,0.0015121698379516602,-0.00019788742065429688
eval15,persona,22,19,0.000836491584777832,-0.0006098747253417969
eval15,persona,22,20,0.02242147922515869,0.011298775672912598
eval15,persona,39,1,17.517623901367188,0.16691970825195312
eval15,persona,39,2,7.220550537109375,2.4240493774414062
eval15,persona,39,3,4.031463623046875,0.9050788879394531
eval15,persona,39,4,1.97894287109375,-0.28208160400390625
eval15,persona,39,5,3.944366455078125,0.5030860900878906
eval15,persona,39,6,2.6732635498046875,0.646026611328125
eval15,persona,39,7,2.7024765014648438,0.5278892517089844
eval15,persona,39,8,1.8964157104492188,0.019378662109375
eval15,persona,39,9,3.180736541748047,-0.31592655181884766
eval15,persona,39,10,-0.3572559356689453,-0.6101608276367188
eval15,persona,39,11,2.8009719848632812,0.6269607543945312
eval15,persona,39,12,2.0408267974853516,0.4891090393066406
eval15,persona,39,13,5.149909973144531,2.9851837158203125
eval15,persona,39,14,1.0601043701171875,0.12372207641601562
eval15,persona,39,15,-0.069091796875,0.2542266845703125
eval15,persona,39,16,-0.1616058349609375,-0.1502079963684082
eval15,persona,39,17,0.22983932495117188,-0.813720703125
eval15,persona,39,18,1.512537956237793,1.0707178115844727
eval15,persona,39,19,1.0839366912841797,1.2523307800292969
eval15,persona,39,20,1.7873191833496094,1.6562461853027344
eval16,emotion,22,1,0.08467483520507812,0.20009100437164307
eval16,emotion,22,2,0.009702682495117188,0.04007995128631592
eval16,emotion,22,3,-0.0059795379638671875,0.012266337871551514
eval16,emotion,22,4,0.003734111785888672,0.012145638465881348
eval16,emotion,22,5,-0.008722305297851562,-0.002271413803100586
eval16,emotion,22,6,-0.0035409927368164062,0.0017993450164794922
eval16,emotion,22,7,0.0009150505065917969,0.001946568489074707
eval16,emotion,22,8,-0.0019071102142333984,0.0007312297821044922
eval16,emotion,22,9,-0.0007836818695068359,0.003047764301300049
eval16,emotion,22,10,-0.0019893646240234375,0.0009883642196655273
eval16,emotion,22,11,-0.0015429258346557617,-0.001673281192779541
eval16,emotion,22,12,-0.0012438297271728516,0.003994405269622803
eval16,emotion,22,13,-0.0004858970642089844,-0.0004699230194091797
eval16,emotion,22,14,-0.00040602684020996094,0.0011519193649291992
eval16,emotion,22,15,-0.0007756948471069336,-0.0022726058959960938
eval16,emotion,22,16,-0.0006341934204101562,0.00012797117233276367
eval16,emotion,22,17,-0.0013027191162109375,-0.0006993710994720459
eval16,emotion,22,18,0.0036301612854003906,0.0006087422370910645
eval16,emotion,22,19,-0.001821279525756836,0.0007166266441345215
eval16,emotion,22,20,1.1920928955078125e-05,0.008064746856689453
eval16,emotion,39,1,5.6072998046875,8.181478500366211
eval16,emotion,39,2,4.0242156982421875,4.971263885498047
eval16,emotion,39,3,2.0669708251953125,2.989360809326172
eval16,emotion,39,4,2.109100341796875,1.8658218383789062
eval16,emotion,39,5,0.02213287353515625,0.8521232604980469
eval16,emotion,39,6,0.2799530029296875,0.9870758056640625
eval16,emotion,39,7,-0.8596858978271484,-0.6340789794921875
eval16,emotion,39,8,0.6021575927734375,0.6955490112304688
eval16,emotion,39,9,0.5435333251953125,0.4820709228515625
eval16,emotion,39,10,1.7774944305419922,0.00049591064453125
eval16,emotion,39,11,-0.27359724044799805,0.2336902618408203
eval16,emotion,39,12,0.35480499267578125,2.072998046875
eval16,emotion,39,13,-0.06600189208984375,-0.09377288818359375
eval16,emotion,39,14,0.8353099822998047,0.3822479248046875
eval16,emotion,39,15,-0.37119483947753906,-0.18812274932861328
eval16,emotion,39,16,-0.6927757263183594,0.596923828125
eval16,emotion,39,17,-0.2548837661743164,-0.2307891845703125
eval16,emotion,39,18,0.30220794677734375,-0.06972885131835938
eval16,emotion,39,19,-0.5288810729980469,-0.1127471923828125
eval16,emotion,39,20,1.014892578125,1.0846138000488281
eval16,persona,22,1,0.23717975616455078,0.08307743072509766
eval16,persona,22,2,0.0660715103149414,0.016629338264465332
eval16,persona,22,3,0.026857376098632812,0.004161417484283447
eval16,persona,22,4,0.025262832641601562,0.002942323684692383
eval16,persona,22,5,0.007848739624023438,0.0007141232490539551
eval16,persona,22,6,0.005932807922363281,0.00012546777725219727
eval16,persona,22,7,0.00439143180847168,0.0015962719917297363
eval16,persona,22,8,0.007750988006591797,0.0008809566497802734
eval16,persona,22,9,0.010221242904663086,0.0035605430603027344
eval16,persona,22,10,0.002913951873779297,0.0009603500366210938
eval16,persona,22,11,-0.0006047487258911133,-0.00019603967666625977
eval16,persona,22,12,0.013320446014404297,0.0013916492462158203
eval16,persona,22,13,0.0033578872680664062,0.0002435445785522461
eval16,persona,22,14,0.0011839866638183594,0.0009222030639648438
eval16,persona,22,15,0.00026345252990722656,-0.001722097396850586
eval16,persona,22,16,0.0021839141845703125,0.0008316636085510254
eval16,persona,22,17,-0.0014636516571044922,-0.0025832056999206543
eval16,persona,22,18,0.002876758575439453,-0.0012902617454528809
eval16,persona,22,19,0.011538028717041016,-0.00034624338150024414
eval16,persona,22,20,0.04161477088928223,0.0021805763244628906
eval16,persona,39,1,13.44805908203125,1.480386734008789
eval16,persona,39,2,6.436676025390625,1.5953598022460938
eval16,persona,39,3,5.2584381103515625,0.22121810913085938
eval16,persona,39,4,3.4825439453125,0.5411472320556641
eval16,persona,39,5,1.8471603393554688,0.5363349914550781
eval16,persona,39,6,2.35235595703125,0.8649826049804688
eval16,persona,39,7,0.6083965301513672,-0.7875442504882812
eval16,persona,39,8,0.9484710693359375,0.5369491577148438
eval16,persona,39,9,0.8316268920898438,0.25646209716796875
eval16,persona,39,10,1.9892139434814453,-1.7273635864257812
eval16,persona,39,11,-0.20846080780029297,0.23484039306640625
eval16,persona,39,12,1.2695426940917969,0.701934814453125
eval16,persona,39,13,0.643035888671875,0.2805328369140625
eval16,persona,39,14,1.6080341339111328,0.2583465576171875
eval16,persona,39,15,-0.11488533020019531,0.35355377197265625
eval16,persona,39,16,-0.20162582397460938,0.9460334777832031
eval16,persona,39,17,0.08781623840332031,0.0281829833984375
eval16,persona,39,18,2.2414588928222656,0.8534307479858398
eval16,persona,39,19,-0.028781890869140625,0.4514007568359375
eval16,persona,39,20,2.38348388671875,1.5961189270019531
eval17,emotion,22,1,0.07225751876831055,0.17456495761871338
eval17,emotion,22,2,0.027698993682861328,0.06497073173522949
eval17,emotion,22,3,0.003135204315185547,0.010665655136108398
eval17,emotion,22,4,0.0059452056884765625,0.014653563499450684
eval17,emotion,22,5,-0.004679203033447266,0.008037462830543518
eval17,emotion,22,6,0.003101825714111328,0.012214899063110352
eval17,emotion,22,7,5.626678466796875e-05,0.01000368595123291
eval17,emotion,22,8,0.002521514892578125,0.00717926025390625
eval17,emotion,22,9,0.0002808570861816406,-0.0012603402137756348
eval17,emotion,22,10,5.364418029785156e-05,0.003911033272743225
eval17,emotion,22,11,0.0002579689025878906,0.0020983517169952393
eval17,emotion,22,12,0.00018769502639770508,-7.18832015991211e-05
eval17,emotion,22,13,-0.0008072853088378906,0.010411262512207031
eval17,emotion,22,14,0.0008776187896728516,0.00354766845703125
eval17,emotion,22,15,0.005708217620849609,0.008139252662658691
eval17,emotion,22,16,0.0011081695556640625,0.005123496055603027
eval17,emotion,22,17,0.0002346038818359375,0.0010662078857421875
eval17,emotion,22,18,0.0005773305892944336,0.005637645721435547
eval17,emotion,22,19,0.00012493133544921875,0.0038802623748779297
eval17,emotion,22,20,0.000931859016418457,0.004372715950012207
eval17,emotion,39,1,6.757568359375,9.374933242797852
eval17,emotion,39,2,4.06494140625,3.71466064453125
eval17,emotion,39,3,2.424835205078125,1.6133613586425781
eval17,emotion,39,4,0.5429534912109375,1.7426767349243164
eval17,emotion,39,5,0.98992919921875,-0.5584907531738281
eval17,emotion,39,6,1.3062896728515625,1.3831958770751953
eval17,emotion,39,7,0.288299560546875,0.6685676574707031
eval17,emotion,39,8,-0.09993362426757812,1.8550872802734375
eval17,emotion,39,9,0.34925079345703125,0.4348297119140625
eval17,emotion,39,10,1.9220314025878906,1.1525211334228516
eval17,emotion,39,11,-0.364715576171875,0.32019615173339844
eval17,emotion,39,12,0.03399181365966797,0.573272705078125
eval17,emotion,39,13,2.0658493041992188,0.8505210876464844
eval17,emotion,39,14,0.6832847595214844,0.1397552490234375
eval17,emotion,39,15,0.9096603393554688,0.10997772216796875
eval17,emotion,39,16,0.21320724487304688,1.4136238098144531
eval17,emotion,39,17,-0.009496688842773438,0.7002449035644531
eval17,emotion,39,18,0.01190948486328125,0.13006973266601562
eval17,emotion,39,19,-0.04108428955078125,0.42375946044921875
eval17,emotion,39,20,0.2083873748779297,-0.04341888427734375
eval17,persona,22,1,0.24063444137573242,0.07058554887771606
eval17,persona,22,2,0.09157133102416992,0.027396440505981445
eval17,persona,22,3,0.013524532318115234,-0.0004578828811645508
eval17,persona,22,4,0.030187606811523438,0.0004444122314453125
eval17,persona,22,5,0.012418746948242188,0.005104333162307739
eval17,persona,22,6,0.019374370574951172,0.006960749626159668
eval17,persona,22,7,0.01641082763671875,0.009240508079528809
eval17,persona,22,8,0.011445283889770508,0.004380404949188232
eval17,persona,22,9,0.001668095588684082,-0.006300568580627441
eval17,persona,22,10,0.015413045883178711,0.003021925687789917
eval17,persona,22,11,0.0031654834747314453,0.0008963942527770996
eval17,persona,22,12,0.0007039904594421387,0.002214789390563965
eval17,persona,22,13,0.027273178100585938,0.002755403518676758
eval17,persona,22,14,0.00771331787109375,-0.0016660690307617188
eval17,persona,22,15,0.016396760940551758,0.004617810249328613
eval17,persona,22,16,0.012106657028198242,0.0031375885009765625
eval17,persona,22,17,0.0067479610443115234,-0.0023300647735595703
eval17,persona,22,18,0.008570075035095215,0.0018689632415771484
eval17,persona,22,19,0.007088661193847656,-0.0007453560829162598
eval17,persona,22,20,0.004544496536254883,0.0025604963302612305
eval17,persona,39,1,13.319869995117188,2.853670120239258
eval17,persona,39,2,9.541519165039062,3.3029747009277344
eval17,persona,39,3,2.33221435546875,-0.42641448974609375
eval17,persona,39,4,2.140533447265625,0.9588651657104492
eval17,persona,39,5,1.5430908203125,-0.6940231323242188
eval17,persona,39,6,2.0952911376953125,-0.23632431030273438
eval17,persona,39,7,1.5526351928710938,0.0020294189453125
eval17,persona,39,8,2.4875831604003906,1.3747940063476562
eval17,persona,39,9,0.5253486633300781,0.3809318542480469
eval17,persona,39,10,3.7414474487304688,-0.5114765167236328
eval17,persona,39,11,0.8540210723876953,0.1336956024169922
eval17,persona,39,12,0.4937400817871094,0.24724578857421875
eval17,persona,39,13,4.519966125488281,-0.9140071868896484
eval17,persona,39,14,1.5046157836914062,0.2598075866699219
eval17,persona,39,15,1.1522598266601562,-0.00037384033203125
eval17,persona,39,16,-0.015497207641601562,0.34264373779296875
eval17,persona,39,17,1.2388801574707031,0.8023834228515625
eval17,persona,39,18,1.7703361511230469,-0.08031845092773438
eval17,persona,39,19,0.9407882690429688,-0.5143699645996094
eval17,persona,39,20,0.2418651580810547,-0.3714637756347656
eval18,emotion,22,1,0.004750460386276245,0.0126381516456604
eval18,emotion,22,2,0.008625388145446777,0.011862397193908691
eval18,emotion,22,3,0.0019723176956176758,0.004626631736755371
eval18,emotion,22,4,-0.004806399345397949,-0.008276104927062988
eval18,emotion,22,5,-0.00040900707244873047,0.0008169412612915039
eval18,emotion,22,6,0.005272626876831055,0.012967824935913086
eval18,emotion,22,7,0.005141258239746094,0.01094973087310791
eval18,emotion,22,8,0.004384040832519531,0.00953221321105957
eval18,emotion,22,9,0.0012197494506835938,0.007890701293945312
eval18,emotion,22,10,-0.003368377685546875,-0.005725383758544922
eval18,emotion,22,11,-0.0012879371643066406,-0.0011019706726074219
eval18,emotion,22,12,-0.0059051513671875,-0.0025658607482910156
eval18,emotion,22,13,-0.002029895782470703,-0.0008304119110107422
eval18,emotion,22,14,-7.009506225585938e-05,0.002505779266357422
eval18,emotion,22,15,0.002378702163696289,0.004494011402130127
eval18,emotion,22,16,0.004499673843383789,0.005339384078979492
eval18,emotion,22,17,0.0015649795532226562,0.005934357643127441
eval18,emotion,22,18,0.0026078224182128906,-0.002197265625
eval18,emotion,22,19,-0.00045990943908691406,-0.00018668174743652344
eval18,emotion,22,20,-0.0014417171478271484,0.0019159317016601562
eval18,emotion,39,1,-0.19204139709472656,3.7190780639648438
eval18,emotion,39,2,1.8813858032226562,5.360621452331543
eval18,emotion,39,3,0.5623302459716797,1.3287029266357422
eval18,emotion,39,4,-0.24910831451416016,0.1027374267578125
eval18,emotion,39,5,0.02516460418701172,0.4972648620605469
eval18,emotion,39,6,1.2541122436523438,1.009368896484375
eval18,emotion,39,7,1.4575958251953125,0.3152589797973633
eval18,emotion,39,8,-0.9300270080566406,0.6978111267089844
eval18,emotion,39,9,1.12652587890625,1.4447059631347656
eval18,emotion,39,10,0.19633865356445312,-0.09196281433105469
eval18,emotion,39,11,0.8155708312988281,0.6153221130371094
eval18,emotion,39,12,0.441864013671875,-0.5875720977783203
eval18,emotion,39,13,1.2915496826171875,1.0374832153320312
eval18,emotion,39,14,0.062252044677734375,-0.4081277847290039
eval18,emotion,39,15,0.1215972900390625,0.8523597717285156
eval18,emotion,39,16,-0.1562652587890625,0.5148582458496094
eval18,emotion,39,17,-0.6007099151611328,0.5783195495605469
eval18,emotion,39,18,-0.6603431701660156,0.6750984191894531
eval18,emotion,39,19,-0.5638694763183594,0.38420867919921875
eval18,emotion,39,20,-0.00807952880859375,-0.034066200256347656
eval18,persona,22,1,0.031595975160598755,0.006983697414398193
eval18,persona,22,2,0.033127546310424805,0.00655972957611084
eval18,persona,22,3,0.010807693004608154,-0.0012601017951965332
eval18,persona,22,4,-0.011970162391662598,-0.009417057037353516
eval18,persona,22,5,0.0028881430625915527,-0.0002543926239013672
eval18,persona,22,6,0.022747039794921875,0.0028247833251953125
eval18,persona,22,7,0.018288612365722656,0.005769968032836914
eval18,persona,22,8,0.01577901840209961,0.005138874053955078
eval18,persona,22,9,0.007536411285400391,0.005598306655883789
eval18,persona,22,10,-0.007267475128173828,-0.0034412145614624023
eval18,persona,22,11,0.00044727325439453125,-0.002876877784729004
eval18,persona,22,12,-0.004071712493896484,-0.0022357702255249023
eval18,persona,22,13,0.006237983703613281,-0.000217437744140625
eval18,persona,22,14,0.003381013870239258,0.0015770196914672852
eval18,persona,22,15,0.0074062347412109375,0.00035566091537475586
eval18,persona,22,16,0.00554966926574707,0.004017353057861328
eval18,persona,22,17,0.004997968673706055,0.004289388656616211
eval18,persona,22,18,0.004253387451171875,0.0011543035507202148
eval18,persona,22,19,0.0014045238494873047,0.0021409988403320312
eval18,persona,22,20,0.00027632713317871094,-0.0003979206085205078
eval18,persona,39,1,4.988731384277344,1.9066314697265625
eval18,persona,39,2,7.778289794921875,2.722691535949707
eval18,persona,39,3,3.3126487731933594,1.6045207977294922
eval18,persona,39,4,0.012837409973144531,0.8103981018066406
eval18,persona,39,5,-0.29193782806396484,0.1346883773803711
eval18,persona,39,6,5.57379150390625,-0.7090206146240234
eval18,persona,39,7,3.4543685913085938,0.3227815628051758
eval18,persona,39,8,2.1334266662597656,1.0200538635253906
eval18,persona,39,9,1.4999771118164062,1.0357332229614258
eval18,persona,39,10,0.2826995849609375,-0.23072052001953125
eval18,persona,39,11,1.3272972106933594,1.3338508605957031
eval18,persona,39,12,2.1518707275390625,0.7654018402099609
eval18,persona,39,13,0.37082672119140625,0.32985877990722656
eval18,persona,39,14,0.20800399780273438,-0.5565185546875
eval18,persona,39,15,0.3112640380859375,0.8395729064941406
eval18,persona,39,16,-0.1293792724609375,-0.2935371398925781
eval18,persona,39,17,-0.48414182662963867,0.41510009765625
eval18,persona,39,18,0.20309829711914062,0.4774017333984375
eval18,persona,39,19,1.5117473602294922,0.30057525634765625
eval18,persona,39,20,0.3418235778808594,-0.16679000854492188
eval19,emotion,22,1,0.016977310180664062,0.038362979888916016
eval19,emotion,22,2,0.013498306274414062,0.031168699264526367
eval19,emotion,22,3,0.009466171264648438,0.02263498306274414
eval19,emotion,22,4,0.008800983428955078,0.009567975997924805
eval19,emotion,22,5,-0.004486560821533203,0.005167484283447266
eval19,emotion,22,6,0.003253459930419922,0.007692098617553711
eval19,emotion,22,7,0.0013308525085449219,0.004031181335449219
eval19,emotion,22,8,0.00041103363037109375,0.002310514450073242
eval19,emotion,22,9,0.00205230712890625,0.008587837219238281
eval19,emotion,22,10,0.0017428398132324219,0.0015919208526611328
eval19,emotion,22,11,0.0017113685607910156,0.0004608631134033203
eval19,emotion,22,12,-0.0017244815826416016,0.00018405914306640625
eval19,emotion,22,13,0.0025947093963623047,0.001943826675415039
eval19,emotion,22,14,0.00040912628173828125,0.003023386001586914
eval19,emotion,22,15,0.0008249282836914062,0.003008127212524414
eval19,emotion,22,16,-0.0011818408966064453,0.0004520416259765625
eval19,emotion,22,17,0.0025877952575683594,0.0013761520385742188
eval19,emotion,22,18,0.0010790824890136719,-0.00039124488830566406
eval19,emotion,22,19,-0.00022220611572265625,0.0005335807800292969
eval19,emotion,22,20,-0.0010390281677246094,0.0008392333984375
eval19,emotion,39,1,0.6988067626953125,1.7130050659179688
eval19,emotion,39,2,0.05743408203125,1.3922271728515625
eval19,emotion,39,3,-0.3883819580078125,0.80548095703125
eval19,emotion,39,4,1.2887954711914062,1.5485610961914062
eval19,emotion,39,5,0.4419670104980469,0.987152099609375
eval19,emotion,39,6,0.853851318359375,0.9672470092773438
eval19,emotion,39,7,-0.358734130859375,0.9857711791992188
eval19,emotion,39,8,0.2330474853515625,1.3297080993652344
eval19,emotion,39,9,1.3269920349121094,0.5511932373046875
eval19,emotion,39,10,-0.4948139190673828,0.5514297485351562
eval19,emotion,39,11,0.024808883666992188,0.29996490478515625
eval19,emotion,39,12,-1.0929946899414062,-0.5641250610351562
eval19,emotion,39,13,-0.22373580932617188,-0.008819580078125
eval19,emotion,39,14,0.16159820556640625,0.08984375
eval19,emotion,39,15,0.6574020385742188,-0.0702056884765625
eval19,emotion,39,16,0.09243011474609375,0.3652191162109375
eval19,emotion,39,17,0.45578765869140625,-0.06270980834960938
eval19,emotion,39,18,-0.065704345703125,-0.4034576416015625
eval19,emotion,39,19,-0.44165802001953125,0.9031052589416504
eval19,emotion,39,20,-0.7904014587402344,-0.9135150909423828
eval19,persona,22,1,0.048666954040527344,0.015287160873413086
eval19,persona,22,2,0.05456829071044922,0.010721921920776367
eval19,persona,22,3,0.030939102172851562,0.016033649444580078
eval19,persona,22,4,0.02214670181274414,0.005357265472412109
eval19,persona,22,5,0.00836181640625,0.0014753341674804688
eval19,persona,22,6,0.012258052825927734,0.0005772113800048828
eval19,persona,22,7,0.016219615936279297,0.002057790756225586
eval19,persona,22,8,0.007345676422119141,0.0019979476928710938
eval19,persona,22,9,0.009210586547851562,0.00341796875
eval19,persona,22,10,0.007055521011352539,0.00016617774963378906
eval19,persona,22,11,0.0071868896484375,0.0001518726348876953
eval19,persona,22,12,0.005628824234008789,0.0008337497711181641
eval19,persona,22,13,0.006489753723144531,0.0004513263702392578
eval19,persona,22,14,0.006444454193115234,0.00383758544921875
eval19,persona,22,15,0.007430076599121094,0.003355264663696289
eval19,persona,22,16,0.0013606548309326172,-0.0008563995361328125
eval19,persona,22,17,0.0029163360595703125,0.0003018379211425781
eval19,persona,22,18,0.0053615570068359375,0.0020525455474853516
eval19,persona,22,19,-0.0006923675537109375,-0.0017268657684326172
eval19,persona,22,20,0.0018506050109863281,0.001308441162109375
eval19,persona,39,1,7.4063568115234375,0.7741432189941406
eval19,persona,39,2,6.896209716796875,0.498809814453125
eval19,persona,39,3,2.984130859375,0.31140899658203125
eval19,persona,39,4,3.1841659545898438,0.3586578369140625
eval19,persona,39,5,1.803201675415039,0.15369272232055664
eval19,persona,39,6,3.2154998779296875,0.8347854614257812
eval19,persona,39,7,1.89752197265625,0.079193115234375
eval19,persona,39,8,1.5817031860351562,1.0626449584960938
eval19,persona,39,9,2.4411087036132812,0.4951019287109375
eval19,persona,39,10,0.35094451904296875,0.4777984619140625
eval19,persona,39,11,0.7229328155517578,0.06581878662109375
eval19,persona,39,12,0.33879852294921875,0.49800872802734375
eval19,persona,39,13,-0.15217018127441406,-0.4408531188964844
eval19,persona,39,14,1.4177780151367188,0.4425821304321289
eval19,persona,39,15,1.1980819702148438,-0.0594482421875
eval19,persona,39,16,0.17528152465820312,0.7643699645996094
eval19,persona,39,17,0.5443649291992188,-0.5415935516357422
eval19,persona,39,18,1.0907440185546875,1.0537643432617188
eval19,persona,39,19,0.32012176513671875,0.4577522277832031
eval19,persona,39,20,0.24395370483398438,-0.13434600830078125
eval20,emotion,22,1,0.0034797191619873047,0.018091857433319092
eval20,emotion,22,2,0.003181546926498413,0.010815083980560303
eval20,emotion,22,3,0.001754164695739746,0.008332133293151855
eval20,emotion,22,4,0.0065920352935791016,0.0049803853034973145
eval20,emotion,22,5,-0.0009267330169677734,0.0012765228748321533
eval20,emotion,22,6,-0.0026772022247314453,-0.00109940767288208
eval20,emotion,22,7,-0.0006841421127319336,-0.0013917982578277588
eval20,emotion,22,8,-0.0007599592208862305,-0.0012048333883285522
eval20,emotion,22,9,-0.0028807520866394043,-0.0026128292083740234
eval20,emotion,22,10,0.0008878409862518311,0.0026823878288269043
eval20,emotion,22,11,6.964802742004395e-05,0.0006664097309112549
eval20,emotion,22,12,0.0012476444244384766,0.0011115670204162598
eval20,emotion,22,13,0.00046622753143310547,0.0014688968658447266
eval20,emotion,22,14,-0.001376509666442871,0.0006480664014816284
eval20,emotion,22,15,-0.0006785094738006592,-0.0005216598510742188
eval20,emotion,22,16,0.00013840198516845703,0.00099945068359375
eval20,emotion,22,17,-0.0008915364742279053,0.0025844573974609375
eval20,emotion,22,18,0.000341072678565979,0.004754319787025452
eval20,emotion,22,19,0.002274453639984131,0.004208117723464966
eval20,emotion,22,20,0.0019813179969787598,-0.0010283589363098145
eval20,emotion,39,1,0.08215141296386719,1.3638696670532227
eval20,emotion,39,2,0.9015464782714844,1.6437692642211914
eval20,emotion,39,3,1.0346240997314453,1.4670982360839844
eval20,emotion,39,4,-0.2842235565185547,1.0118255615234375
eval20,emotion,39,5,-0.1180572509765625,0.5409317016601562
eval20,emotion,39,6,-0.522216796875,-1.2736358642578125
eval20,emotion,39,7,0.3520374298095703,-0.00069427490234375
eval20,emotion,39,8,-0.1566638946533203,0.5181751251220703
eval20,emotion,39,9,0.2765655517578125,0.532806396484375
eval20,emotion,39,10,-1.3007431030273438,-0.7754058837890625
eval20,emotion,39,11,0.9309005737304688,0.6085586547851562
eval20,emotion,39,12,-0.045050621032714844,0.13356781005859375
eval20,emotion,39,13,-0.9175262451171875,-0.013802528381347656
eval20,emotion,39,14,-0.6176223754882812,0.28542327880859375
eval20,emotion,39,15,0.6517314910888672,0.407989501953125
eval20,emotion,39,16,-0.05671501159667969,0.42369842529296875
eval20,emotion,39,17,-0.07993316650390625,0.08629989624023438
eval20,emotion,39,18,0.6916275024414062,0.4276695251464844
eval20,emotion,39,19,1.4029006958007812,0.9529571533203125
eval20,emotion,39,20,0.8055343627929688,0.0291748046875
eval20,persona,22,1,0.012530207633972168,0.002482295036315918
eval20,persona,22,2,0.013646245002746582,-0.0034148693084716797
eval20,persona,22,3,0.01889932155609131,0.006457924842834473
eval20,persona,22,4,0.01264941692352295,0.0036953091621398926
eval20,persona,22,5,0.00041115283966064453,-0.0006403923034667969
eval20,persona,22,6,0.0013824701309204102,0.0003457069396972656
eval20,persona,22,7,-0.0010643750429153442,-0.0013798177242279053
eval20,persona,22,8,0.0008835792541503906,-0.0001984238624572754
eval20,persona,22,9,-0.00018173456192016602,-0.0024407804012298584
eval20,persona,22,10,0.004545032978057861,0.0022215843200683594
eval20,persona,22,11,0.0053021907806396484,0.00173148512840271
eval20,persona,22,12,-7.802248001098633e-05,0.0007199645042419434
eval20,persona,22,13,-0.00019156932830810547,-0.0016907751560211182
eval20,persona,22,14,0.003341078758239746,0.00020819157361984253
eval20,persona,22,15,-0.0003072023391723633,0.001134037971496582
eval20,persona,22,16,0.0031800270080566406,-0.0011175274848937988
eval20,persona,22,17,0.00633123517036438,-0.002870023250579834
eval20,persona,22,18,0.011659018695354462,0.0011120736598968506
eval20,persona,22,19,0.007430851459503174,0.0008831918239593506
eval20,persona,22,20,0.0028657913208007812,0.00029525160789489746
eval20,persona,39,1,0.5661792755126953,1.501767635345459
eval20,persona,39,2,2.2609939575195312,0.09860515594482422
eval20,persona,39,3,2.1147308349609375,-0.15983200073242188
eval20,persona,39,4,1.7799816131591797,1.264108657836914
eval20,persona,39,5,0.2549114227294922,0.5943450927734375
eval20,persona,39,6,0.8244247436523438,-0.30629730224609375
eval20,persona,39,7,0.05543708801269531,0.6413459777832031
eval20,persona,39,8,0.5198373794555664,0.7193813323974609
eval20,persona,39,9,1.009023666381836,-0.1908111572265625
eval20,persona,39,10,-0.9163722991943359,0.1898040771484375
eval20,persona,39,11,0.3697357177734375,1.0806198120117188
eval20,persona,39,12,-0.17362689971923828,0.25188255310058594
eval20,persona,39,13,0.4022674560546875,0.7225236892700195
eval20,persona,39,14,-1.4246940612792969,0.08977508544921875
eval20,persona,39,15,-0.7437381744384766,-0.23404693603515625
eval20,persona,39,16,1.122018814086914,-0.9705581665039062
eval20,persona,39,17,0.9587554931640625,-0.8057212829589844
eval20,persona,39,18,0.6552047729492188,-0.4205741882324219
eval20,persona,39,19,1.5894699096679688,0.20167160034179688
eval20,persona,39,20,1.0740203857421875,-0.219757080078125
