question_id,condition,layer,delta_sycophancy_projection,delta_emotion_projection
eval01,emotion_positive,22,0.6669196486473083,3.159690022468567
eval01,emotion_positive,23,0.6430063992738724,2.997010350227356
eval01,emotion_positive,24,0.6456499397754669,2.8711100816726685
eval01,emotion_positive,25,0.6576679348945618,2.8149232268333435
eval01,emotion_positive,26,0.6547649204730988,2.7470337748527527
eval01,emotion_positive,27,0.6539627909660339,2.6913483440876007
eval01,emotion_positive,28,0.620331883430481,2.6454066038131714
eval01,emotion_positive,29,0.6090737283229828,2.5858064889907837
eval01,emotion_positive,30,0.6123253256082535,2.592747986316681
eval01,emotion_positive,31,0.5882295072078705,2.5235199332237244
eval01,emotion_positive,32,0.6001091599464417,2.5670610666275024
eval01,emotion_positive,33,0.6195940226316452,2.5854979753494263
eval01,emotion_positive,34,0.7478437423706055,2.7140864729881287
eval01,emotion_positive,35,0.7829554080963135,2.702793836593628
eval01,emotion_positive,36,0.8213801383972168,2.69466233253479
eval01,emotion_positive,37,1.0411491394042969,2.7651801109313965
eval01,emotion_positive,38,0.9475107192993164,2.607936382293701
eval01,emotion_positive,39,8.539983749389648,22.562419414520264
eval01,emotion_orthogonal,22,-0.024030432105064392,3.012858510017395
eval01,emotion_orthogonal,23,-0.031520143151283264,2.859185576438904
eval01,emotion_orthogonal,24,-0.02304348349571228,2.731777310371399
eval01,emotion_orthogonal,25,-0.006588965654373169,2.674669921398163
eval01,emotion_orthogonal,26,0.003825277090072632,2.609236180782318
eval01,emotion_orthogonal,27,0.009768515825271606,2.5548496544361115
eval01,emotion_orthogonal,28,-0.020958125591278076,2.5161041021347046
eval01,emotion_orthogonal,29,-0.026335567235946655,2.4585591554641724
eval01,emotion_orthogonal,30,-0.02445189654827118,2.4611037373542786
eval01,emotion_orthogonal,31,-0.04035109281539917,2.3993894457817078
eval01,emotion_orthogonal,32,-0.057736292481422424,2.4388447999954224
eval01,emotion_orthogonal,33,-0.049150869250297546,2.451095461845398
eval01,emotion_orthogonal,34,0.06822037696838379,2.5792903304100037
eval01,emotion_orthogonal,35,0.07454323768615723,2.5604026317596436
eval01,emotion_orthogonal,36,0.09772586822509766,2.5518434047698975
eval01,emotion_orthogonal,37,0.1933746337890625,2.583101272583008
eval01,emotion_orthogonal,38,0.10259819030761719,2.434809684753418
eval01,emotion_orthogonal,39,1.444930076599121,21.050692558288574
eval01,emotion_orthogonal_matched,22,-0.02135661244392395,3.0843905210494995
eval01,emotion_orthogonal_matched,23,-0.028617605566978455,2.9273675680160522
eval01,emotion_orthogonal_matched,24,-0.020112931728363037,2.7967602014541626
eval01,emotion_orthogonal_matched,25,-0.0035878121852874756,2.7386197447776794
eval01,emotion_orthogonal_matched,26,0.006898611783981323,2.6718775629997253
eval01,emotion_orthogonal_matched,27,0.013173133134841919,2.615895062685013
eval01,emotion_orthogonal_matched,28,-0.01898324489593506,2.576175808906555
eval01,emotion_orthogonal_matched,29,-0.024493157863616943,2.5177379846572876
eval01,emotion_orthogonal_matched,30,-0.024021819233894348,2.5196688771247864
eval01,emotion_orthogonal_matched,31,-0.03979569673538208,2.4562079310417175
eval01,emotion_orthogonal_matched,32,-0.05818408727645874,2.497298836708069
eval01,emotion_orthogonal_matched,33,-0.05154977738857269,2.5107043981552124
eval01,emotion_orthogonal_matched,34,0.06763362884521484,2.641943395137787
eval01,emotion_orthogonal_matched,35,0.07620930671691895,2.6207311153411865
eval01,emotion_orthogonal_matched,36,0.10177183151245117,2.6122395992279053
eval01,emotion_orthogonal_matched,37,0.19976520538330078,2.648174285888672
eval01,emotion_orthogonal_matched,38,0.1062765121459961,2.5020155906677246
eval01,emotion_orthogonal_matched,39,1.5793733596801758,21.561636447906494
eval01,random_control,22,-0.09566476941108704,0.014999568462371826
eval01,random_control,23,-0.08780713379383087,-0.0023302435874938965
eval01,random_control,24,-0.09066861867904663,-0.0055280327796936035
eval01,random_control,25,-0.1006028950214386,-0.037226736545562744
eval01,random_control,26,-0.09116697311401367,-0.03169021010398865
eval01,random_control,27,-0.09581643342971802,-0.028468430042266846
eval01,random_control,28,-0.08921784162521362,-0.016596496105194092
eval01,random_control,29,-0.10030901432037354,-0.03447204828262329
eval01,random_control,30,-0.12146137654781342,-0.03926098346710205
eval01,random_control,31,-0.14129360020160675,-0.005383551120758057
eval01,random_control,32,-0.17237596213817596,0.0014671087265014648
eval01,random_control,33,-0.1592559516429901,-0.006973147392272949
eval01,random_control,34,-0.12037467956542969,0.00217592716217041
eval01,random_control,35,-0.06386637687683105,0.04293251037597656
eval01,random_control,36,-0.07446098327636719,0.032534122467041016
eval01,random_control,37,-0.2738051414489746,-0.020968198776245117
eval01,random_control,38,-0.24878883361816406,-0.007080554962158203
eval01,random_control,39,-2.4362106323242188,0.7268428802490234
eval02,emotion_positive,22,0.6626935601234436,3.130653500556946
eval02,emotion_positive,23,0.6099452078342438,2.9570037126541138
eval02,emotion_positive,24,0.591607004404068,2.876776099205017
eval02,emotion_positive,25,0.59616719186306,2.8336716890335083
eval02,emotion_positive,26,0.5767422616481781,2.739211320877075
eval02,emotion_positive,27,0.5493983924388885,2.6567275524139404
eval02,emotion_positive,28,0.5048650205135345,2.5998750925064087
eval02,emotion_positive,29,0.48155295848846436,2.5502102375030518
eval02,emotion_positive,30,0.48809370398521423,2.530002474784851
eval02,emotion_positive,31,0.4466167092323303,2.469525098800659
eval02,emotion_positive,32,0.4253847897052765,2.528122663497925
eval02,emotion_positive,33,0.41875192523002625,2.527596116065979
eval02,emotion_positive,34,0.47245121002197266,2.60210919380188
eval02,emotion_positive,35,0.478485107421875,2.591880202293396
eval02,emotion_positive,36,0.49040937423706055,2.6015206575393677
eval02,emotion_positive,37,0.636418342590332,2.6391355991363525
eval02,emotion_positive,38,0.4879617691040039,2.6105785369873047
eval02,emotion_positive,39,4.076671600341797,22.777061462402344
eval02,emotion_orthogonal,22,-0.019469022750854492,2.989542245864868
eval02,emotion_orthogonal,23,-0.04981827735900879,2.8262768983840942
eval02,emotion_orthogonal,24,-0.0557132363319397,2.7446649074554443
eval02,emotion_orthogonal,25,-0.042343735694885254,2.697983741760254
eval02,emotion_orthogonal,26,-0.04300743341445923,2.6068919897079468
eval02,emotion_orthogonal,27,-0.05222749710083008,2.531935453414917
eval02,emotion_orthogonal,28,-0.09156191349029541,2.4795533418655396
eval02,emotion_orthogonal,29,-0.10419979691505432,2.435681462287903
eval02,emotion_orthogonal,30,-0.10215091705322266,2.411685347557068
eval02,emotion_orthogonal,31,-0.1321275234222412,2.3580013513565063
eval02,emotion_orthogonal,32,-0.17329344153404236,2.414187788963318
eval02,emotion_orthogonal,33,-0.1892828643321991,2.4025919437408447
eval02,emotion_orthogonal,34,-0.1265777349472046,2.486169219017029
eval02,emotion_orthogonal,35,-0.15060043334960938,2.459154486656189
eval02,emotion_orthogonal,36,-0.15639400482177734,2.465326189994812
eval02,emotion_orthogonal,37,-0.10691022872924805,2.4622766971588135
eval02,emotion_orthogonal,38,-0.2313380241394043,2.4703145027160645
eval02,emotion_orthogonal,39,-1.9212398529052734,21.806769371032715
eval02,emotion_orthogonal_matched,22,-0.016668975353240967,3.060442566871643
eval02,emotion_orthogonal_matched,23,-0.047442853450775146,2.893617868423462
eval02,emotion_orthogonal_matched,24,-0.054361164569854736,2.8100610971450806
eval02,emotion_orthogonal_matched,25,-0.04084378480911255,2.7632007598876953
eval02,emotion_orthogonal_matched,26,-0.0403522253036499,2.669682025909424
eval02,emotion_orthogonal_matched,27,-0.049987196922302246,2.593674659729004
eval02,emotion_orthogonal_matched,28,-0.08927163481712341,2.5408248901367188
eval02,emotion_orthogonal_matched,29,-0.10390713810920715,2.495727062225342
eval02,emotion_orthogonal_matched,30,-0.10091394186019897,2.4716004133224487
eval02,emotion_orthogonal_matched,31,-0.1306288242340088,2.4169790744781494
eval02,emotion_orthogonal_matched,32,-0.1712130606174469,2.473416566848755
eval02,emotion_orthogonal_matched,33,-0.18820318579673767,2.459840416908264
eval02,emotion_orthogonal_matched,34,-0.1245424747467041,2.5441408157348633
eval02,emotion_orthogonal_matched,35,-0.14844465255737305,2.5152608156204224
eval02,emotion_orthogonal_matched,36,-0.1586604118347168,2.5232006311416626
eval02,emotion_orthogonal_matched,37,-0.10688638687133789,2.5189106464385986
eval02,emotion_orthogonal_matched,38,-0.23426008224487305,2.507486343383789
eval02,emotion_orthogonal_matched,39,-1.7764358520507812,22.310574054718018
eval02,random_control,22,-0.06740683317184448,0.017597556114196777
eval02,random_control,23,-0.06480181217193604,0.0070574283599853516
eval02,random_control,24,-0.07850241661071777,0.019720792770385742
eval02,random_control,25,-0.09584397077560425,-0.029326677322387695
eval02,random_control,26,-0.08922266960144043,-0.04435527324676514
eval02,random_control,27,-0.08946484327316284,-0.025881528854370117
eval02,random_control,28,-0.07205671072006226,-0.018174052238464355
eval02,random_control,29,-0.06155508756637573,-0.013109683990478516
eval02,random_control,30,-0.10374307632446289,-0.027663350105285645
eval02,random_control,31,-0.13568824529647827,1.9788742065429688e-05
eval02,random_control,32,-0.10390368103981018,-0.016075611114501953
eval02,random_control,33,-0.05908000469207764,-0.009352684020996094
eval02,random_control,34,-0.08441925048828125,0.013544678688049316
eval02,random_control,35,-0.0415492057800293,0.023090243339538574
eval02,random_control,36,-0.029592037200927734,-0.03228878974914551
eval02,random_control,37,-0.19839715957641602,-0.11207318305969238
eval02,random_control,38,-0.18990325927734375,-0.10836076736450195
eval02,random_control,39,-1.7281475067138672,0.3619270324707031
eval03,emotion_positive,22,0.6700565218925476,3.179962635040283
eval03,emotion_positive,23,0.6515897363424301,3.018472284078598
eval03,emotion_positive,24,0.6581042259931564,2.9007365107536316
eval03,emotion_positive,25,0.6797711551189423,2.8711416721343994
eval03,emotion_positive,26,0.6640702486038208,2.805285722017288
eval03,emotion_positive,27,0.6575968861579895,2.7255425453186035
eval03,emotion_positive,28,0.629531979560852,2.6692713499069214
eval03,emotion_positive,29,0.6252570748329163,2.6344850659370422
eval03,emotion_positive,30,0.6496083736419678,2.6577418446540833
eval03,emotion_positive,31,0.6213491857051849,2.6323081851005554
eval03,emotion_positive,32,0.6328266263008118,2.7074153423309326
eval03,emotion_positive,33,0.6605312824249268,2.7194995880126953
eval03,emotion_positive,34,0.6830019950866699,2.841834545135498
eval03,emotion_positive,35,0.7193317413330078,2.8385939598083496
eval03,emotion_positive,36,0.737065315246582,2.8046212196350098
eval03,emotion_positive,37,0.9336538314819336,2.8999991416931152
eval03,emotion_positive,38,0.8180475234985352,2.8659958839416504
eval03,emotion_positive,39,8.588698387145996,23.84470272064209
eval03,emotion_orthogonal,22,-0.02488824725151062,3.0314555168151855
eval03,emotion_orthogonal,23,-0.030134692788124084,2.8809324204921722
eval03,emotion_orthogonal,24,-0.016051962971687317,2.7614499926567078
eval03,emotion_orthogonal,25,-0.0008615851402282715,2.7214515209198
eval03,emotion_orthogonal,26,-0.005893111228942871,2.652957946062088
eval03,emotion_orthogonal,27,-0.00725787878036499,2.5753958225250244
eval03,emotion_orthogonal,28,-0.02870088815689087,2.5281344652175903
eval03,emotion_orthogonal,29,-0.02757328748703003,2.4953861832618713
eval03,emotion_orthogonal,30,-0.028163045644760132,2.5105531811714172
eval03,emotion_orthogonal,31,-0.0541132390499115,2.4907349944114685
eval03,emotion_orthogonal,32,-0.07316792011260986,2.55425763130188
eval03,emotion_orthogonal,33,-0.07100427150726318,2.5600147247314453
eval03,emotion_orthogonal,34,-0.05423307418823242,2.6782617568969727
eval03,emotion_orthogonal,35,-0.050323486328125,2.6600723266601562
eval03,emotion_orthogonal,36,-0.02980327606201172,2.634981632232666
eval03,emotion_orthogonal,37,0.05851936340332031,2.6974825859069824
eval03,emotion_orthogonal,38,-0.0474700927734375,2.6816439628601074
eval03,emotion_orthogonal,39,1.3652362823486328,22.137778282165527
eval03,emotion_orthogonal_matched,22,-0.02193892002105713,3.1034421920776367
eval03,emotion_orthogonal_matched,23,-0.027208730578422546,2.949805587530136
eval03,emotion_orthogonal_matched,24,-0.012571290135383606,2.827936828136444
eval03,emotion_orthogonal_matched,25,0.0030878186225891113,2.788290500640869
eval03,emotion_orthogonal_matched,26,-0.002383708953857422,2.718174487352371
eval03,emotion_orthogonal_matched,27,-0.004231631755828857,2.6393308639526367
eval03,emotion_orthogonal_matched,28,-0.025926828384399414,2.5917690992355347
eval03,emotion_orthogonal_matched,29,-0.023584365844726562,2.5578535199165344
eval03,emotion_orthogonal_matched,30,-0.023625344038009644,2.5729532837867737
eval03,emotion_orthogonal_matched,31,-0.04971829056739807,2.5533222556114197
eval03,emotion_orthogonal_matched,32,-0.06840837001800537,2.61736798286438
eval03,emotion_orthogonal_matched,33,-0.06469565629959106,2.6228256225585938
eval03,emotion_orthogonal_matched,34,-0.04920172691345215,2.74358868598938
eval03,emotion_orthogonal_matched,35,-0.04809284210205078,2.721761703491211
eval03,emotion_orthogonal_matched,36,-0.033376216888427734,2.6968984603881836
eval03,emotion_orthogonal_matched,37,0.05790996551513672,2.760711669921875
eval03,emotion_orthogonal_matched,38,-0.04651641845703125,2.745908737182617
eval03,emotion_orthogonal_matched,39,1.4608430862426758,22.66817569732666
eval03,random_control,22,-0.07692605257034302,0.004677712917327881
eval03,random_control,23,-0.06535550951957703,-0.012555450201034546
eval03,random_control,24,-0.05418877303600311,-0.03221777081489563
eval03,random_control,25,-0.04613003134727478,-0.05051419138908386
eval03,random_control,26,-0.03765881061553955,-0.07076653838157654
eval03,random_control,27,-0.043881773948669434,-0.07863318920135498
eval03,random_control,28,-0.028555750846862793,-0.07953429222106934
eval03,random_control,29,-0.03318303823471069,-0.09479910135269165
eval03,random_control,30,-0.07618111371994019,-0.09242600202560425
eval03,random_control,31,-0.09313932061195374,-0.05283188819885254
eval03,random_control,32,-0.09887394309043884,-0.062381207942962646
eval03,random_control,33,-0.06844949722290039,-0.04002487659454346
eval03,random_control,34,-0.03650069236755371,-0.05516064167022705
eval03,random_control,35,0.06848692893981934,-0.06592774391174316
eval03,random_control,36,0.08613777160644531,-0.05800294876098633
eval03,random_control,37,-0.06241893768310547,-0.12447261810302734
eval03,random_control,38,0.009408950805664062,0.1061868667602539
eval03,random_control,39,-2.16982364654541,0.04325103759765625
eval04,emotion_positive,22,0.6532105207443237,3.206750988960266
eval04,emotion_positive,23,0.6436238288879395,3.0065978169441223
eval04,emotion_positive,24,0.6276712119579315,2.8700143694877625
eval04,emotion_positive,25,0.645869255065918,2.814436674118042
eval04,emotion_positive,26,0.6291425228118896,2.7422067523002625
eval04,emotion_positive,27,0.611058235168457,2.6646182537078857
eval04,emotion_positive,28,0.5823196172714233,2.619795560836792
eval04,emotion_positive,29,0.5781521201133728,2.565652012825012
eval04,emotion_positive,30,0.5957159399986267,2.588683605194092
eval04,emotion_positive,31,0.544953465461731,2.5688998699188232
eval04,emotion_positive,32,0.5330195426940918,2.646933674812317
eval04,emotion_positive,33,0.5223361253738403,2.701488971710205
eval04,emotion_positive,34,0.5677275657653809,2.7581753730773926
eval04,emotion_positive,35,0.5913562774658203,2.8253716230392456
eval04,emotion_positive,36,0.5998129844665527,2.7942668795585632
eval04,emotion_positive,37,0.6370086669921875,2.8374831676483154
eval04,emotion_positive,38,0.4603738784790039,2.7387259006500244
eval04,emotion_positive,39,4.854732513427734,22.95802116394043
eval04,emotion_orthogonal,22,-0.04241664707660675,3.060229182243347
eval04,emotion_orthogonal,23,-0.03710305690765381,2.8764730095863342
eval04,emotion_orthogonal,24,-0.040002286434173584,2.7434536814689636
eval04,emotion_orthogonal,25,-0.023959577083587646,2.6807855367660522
eval04,emotion_orthogonal,26,-0.028506964445114136,2.607280194759369
eval04,emotion_orthogonal,27,-0.03254854679107666,2.535465717315674
eval04,emotion_orthogonal,28,-0.0583951473236084,2.496238112449646
eval04,emotion_orthogonal,29,-0.053184300661087036,2.449142336845398
eval04,emotion_orthogonal,30,-0.05133500695228577,2.4684345722198486
eval04,emotion_orthogonal,31,-0.09587758779525757,2.455165386199951
eval04,emotion_orthogonal,32,-0.13582992553710938,2.5325777530670166
eval04,emotion_orthogonal,33,-0.15869617462158203,2.5895135402679443
eval04,emotion_orthogonal,34,-0.11189794540405273,2.6449038982391357
eval04,emotion_orthogonal,35,-0.12160491943359375,2.7012189626693726
eval04,emotion_orthogonal,36,-0.11788511276245117,2.6767298579216003
eval04,emotion_orthogonal,37,-0.1792440414428711,2.6804215908050537
eval04,emotion_orthogonal,38,-0.3428153991699219,2.566350221633911
eval04,emotion_orthogonal,39,-1.3222732543945312,21.562267303466797
eval04,emotion_orthogonal_matched,22,-0.03951680660247803,3.1336766481399536
eval04,emotion_orthogonal_matched,23,-0.03429880738258362,2.9460020661354065
eval04,emotion_orthogonal_matched,24,-0.03741663694381714,2.809975564479828
eval04,emotion_orthogonal_matched,25,-0.02089020609855652,2.746493697166443
eval04,emotion_orthogonal_matched,26,-0.02512475848197937,2.6713849902153015
eval04,emotion_orthogonal_matched,27,-0.029023289680480957,2.5981072187423706
eval04,emotion_orthogonal_matched,28,-0.05519211292266846,2.5580650568008423
eval04,emotion_orthogonal_matched,29,-0.04967188835144043,2.509536027908325
eval04,emotion_orthogonal_matched,30,-0.047248780727386475,2.529228448867798
eval04,emotion_orthogonal_matched,31,-0.09150907397270203,2.5151859521865845
eval04,emotion_orthogonal_matched,32,-0.13193631172180176,2.5936652421951294
eval04,emotion_orthogonal_matched,33,-0.15493041276931763,2.6513288021087646
eval04,emotion_orthogonal_matched,34,-0.11144161224365234,2.706639289855957
eval04,emotion_orthogonal_matched,35,-0.12026596069335938,2.7663336992263794
eval04,emotion_orthogonal_matched,36,-0.11446857452392578,2.7419914603233337
eval04,emotion_orthogonal_matched,37,-0.17296648025512695,2.7493646144866943
eval04,emotion_orthogonal_matched,38,-0.34154224395751953,2.6264326572418213
eval04,emotion_orthogonal_matched,39,-1.1657257080078125,22.14891815185547
eval04,random_control,22,-0.07565872371196747,0.016791880130767822
eval04,random_control,23,-0.06987616419792175,0.01414942741394043
eval04,random_control,24,-0.07657359540462494,-0.0062920451164245605
eval04,random_control,25,-0.09162101149559021,-0.026935458183288574
eval04,random_control,26,-0.09344425797462463,-0.05220526456832886
eval04,random_control,27,-0.09590759873390198,-0.03978532552719116
eval04,random_control,28,-0.08252027630805969,-0.0137404203414917
eval04,random_control,29,-0.08467432856559753,-0.022304058074951172
eval04,random_control,30,-0.12452316284179688,-0.04548001289367676
eval04,random_control,31,-0.1351332664489746,0.015044927597045898
eval04,random_control,32,-0.16706854104995728,0.034078359603881836
eval04,random_control,33,-0.1527233123779297,0.02854907512664795
eval04,random_control,34,-0.14043569564819336,0.03675520420074463
eval04,random_control,35,-0.07040071487426758,0.037066757678985596
eval04,random_control,36,-0.059752464294433594,0.03230565786361694
eval04,random_control,37,-0.2595376968383789,-0.0641324520111084
eval04,random_control,38,-0.17614269256591797,0.1267942190170288
eval04,random_control,39,-1.420949935913086,1.3427581787109375
eval05,emotion_positive,22,0.7156167030334473,3.246487617492676
eval05,emotion_positive,23,0.7114167213439941,3.1044111251831055
eval05,emotion_positive,24,0.693723201751709,2.966078281402588
eval05,emotion_positive,25,0.707648754119873,2.8958237171173096
eval05,emotion_positive,26,0.7144379615783691,2.8510961532592773
eval05,emotion_positive,27,0.7112603187561035,2.7853827476501465
eval05,emotion_positive,28,0.6675846576690674,2.7213871479034424
eval05,emotion_positive,29,0.6677441596984863,2.6701009273529053
eval05,emotion_positive,30,0.6669571399688721,2.6704869270324707
eval05,emotion_positive,31,0.6389610767364502,2.647700786590576
eval05,emotion_positive,32,0.6291830539703369,2.6738595962524414
eval05,emotion_positive,33,0.6120476722717285,2.6680121421813965
eval05,emotion_positive,34,0.6784324645996094,2.855656147003174
eval05,emotion_positive,35,0.7412900924682617,2.8455629348754883
eval05,emotion_positive,36,0.7719612121582031,2.8329219818115234
eval05,emotion_positive,37,0.9426469802856445,2.8793716430664062
eval05,emotion_positive,38,0.9574127197265625,2.809141159057617
eval05,emotion_positive,39,9.703083038330078,25.02147674560547
eval05,emotion_orthogonal,22,0.00017976760864257812,3.0864357948303223
eval05,emotion_orthogonal,23,0.008018970489501953,2.9564857482910156
eval05,emotion_orthogonal,24,0.0012767314910888672,2.8261241912841797
eval05,emotion_orthogonal,25,0.0030655860900878906,2.751671075820923
eval05,emotion_orthogonal,26,0.017566680908203125,2.7047886848449707
eval05,emotion_orthogonal,27,0.02005290985107422,2.640875816345215
eval05,emotion_orthogonal,28,-0.02261495590209961,2.589653253555298
eval05,emotion_orthogonal,29,-0.018630266189575195,2.539153814315796
eval05,emotion_orthogonal,30,-0.040322303771972656,2.531689167022705
eval05,emotion_orthogonal,31,-0.06923913955688477,2.5111732482910156
eval05,emotion_orthogonal,32,-0.10536026954650879,2.536712646484375
eval05,emotion_orthogonal,33,-0.14423108100891113,2.530860424041748
eval05,emotion_orthogonal,34,-0.09628963470458984,2.708098888397217
eval05,emotion_orthogonal,35,-0.08412647247314453,2.692974090576172
eval05,emotion_orthogonal,36,-0.06531143188476562,2.685199737548828
eval05,emotion_orthogonal,37,-0.024988174438476562,2.6906137466430664
eval05,emotion_orthogonal,38,-0.039051055908203125,2.6352901458740234
eval05,emotion_orthogonal,39,1.4215583801269531,23.5355224609375
eval05,emotion_orthogonal_matched,22,0.0030138492584228516,3.159780979156494
eval05,emotion_orthogonal_matched,23,0.01083838939666748,3.026965618133545
eval05,emotion_orthogonal_matched,24,0.004055619239807129,2.8934741020202637
eval05,emotion_orthogonal_matched,25,0.0054738521575927734,2.817715883255005
eval05,emotion_orthogonal_matched,26,0.02049112319946289,2.769871234893799
eval05,emotion_orthogonal_matched,27,0.022805452346801758,2.704235076904297
eval05,emotion_orthogonal_matched,28,-0.02077341079711914,2.6517012119293213
eval05,emotion_orthogonal_matched,29,-0.01675248146057129,2.599982976913452
eval05,emotion_orthogonal_matched,30,-0.039639830589294434,2.5914177894592285
eval05,emotion_orthogonal_matched,31,-0.06983864307403564,2.5702786445617676
eval05,emotion_orthogonal_matched,32,-0.1063542366027832,2.5964365005493164
eval05,emotion_orthogonal_matched,33,-0.14579510688781738,2.590549945831299
eval05,emotion_orthogonal_matched,34,-0.09683704376220703,2.7693166732788086
eval05,emotion_orthogonal_matched,35,-0.08216714859008789,2.7562332153320312
eval05,emotion_orthogonal_matched,36,-0.06440353393554688,2.74674129486084
eval05,emotion_orthogonal_matched,37,-0.02595806121826172,2.7517309188842773
eval05,emotion_orthogonal_matched,38,-0.039902687072753906,2.6908349990844727
eval05,emotion_orthogonal_matched,39,1.47821044921875,24.047679901123047
eval05,random_control,22,-0.06221437454223633,0.010776758193969727
eval05,random_control,23,-0.06292712688446045,0.0012998580932617188
eval05,random_control,24,-0.055470943450927734,0.0073206424713134766
eval05,random_control,25,-0.06436824798583984,-0.015815019607543945
eval05,random_control,26,-0.04933023452758789,-0.04151725769042969
eval05,random_control,27,-0.05813145637512207,-0.04076671600341797
eval05,random_control,28,-0.037018775939941406,-0.020812511444091797
eval05,random_control,29,-0.030881404876708984,-0.01777935028076172
eval05,random_control,30,-0.04707503318786621,-0.03549385070800781
eval05,random_control,31,-0.0584409236907959,0.0013954639434814453
eval05,random_control,32,-0.04654383659362793,-0.022972583770751953
eval05,random_control,33,-0.04833173751831055,-0.02756977081298828
eval05,random_control,34,-0.037161827087402344,-0.023714065551757812
eval05,random_control,35,0.009341239929199219,-0.025417804718017578
eval05,random_control,36,-0.013924598693847656,-0.032029151916503906
eval05,random_control,37,-0.19107913970947266,-0.06267738342285156
eval05,random_control,38,-0.18133544921875,-0.000766754150390625
eval05,random_control,39,-1.1478233337402344,0.5459747314453125
eval06,emotion_positive,22,0.7335927486419678,3.255390226840973
eval06,emotion_positive,23,0.728400707244873,3.133234441280365
eval06,emotion_positive,24,0.7398223876953125,3.041648507118225
eval06,emotion_positive,25,0.7772655487060547,3.0328927636146545
eval06,emotion_positive,26,0.7940740585327148,2.9975584149360657
eval06,emotion_positive,27,0.7871499061584473,2.950366258621216
eval06,emotion_positive,28,0.7557580471038818,2.9131568670272827
eval06,emotion_positive,29,0.7608129978179932,2.8825945258140564
eval06,emotion_positive,30,0.8082189559936523,2.9097189903259277
eval06,emotion_positive,31,0.777550220489502,2.891087234020233
eval06,emotion_positive,32,0.7759597301483154,2.9615087509155273
eval06,emotion_positive,33,0.7666807174682617,2.925654649734497
eval06,emotion_positive,34,0.828890323638916,3.1382076740264893
eval06,emotion_positive,35,0.8924293518066406,3.0749073028564453
eval06,emotion_positive,36,0.9098711013793945,3.0945520401000977
eval06,emotion_positive,37,1.0790719985961914,3.1910362243652344
eval06,emotion_positive,38,1.1436176300048828,3.193605422973633
eval06,emotion_positive,39,11.66171646118164,30.157731533050537
eval06,emotion_orthogonal,22,-0.0013751983642578125,3.092854082584381
eval06,emotion_orthogonal,23,-0.0032024383544921875,2.9793583750724792
eval06,emotion_orthogonal,24,0.006067991256713867,2.890215754508972
eval06,emotion_orthogonal,25,0.010610103607177734,2.867420971393585
eval06,emotion_orthogonal,26,0.028339862823486328,2.8288915753364563
eval06,emotion_orthogonal,27,0.02003955841064453,2.784630537033081
eval06,emotion_orthogonal,28,-0.01813340187072754,2.7605875730514526
eval06,emotion_orthogonal,29,-0.01307225227355957,2.7294315695762634
eval06,emotion_orthogonal,30,0.002393960952758789,2.7472777366638184
eval06,emotion_orthogonal,31,-0.032937049865722656,2.7333776354789734
eval06,emotion_orthogonal,32,-0.06862664222717285,2.800881862640381
eval06,emotion_orthogonal,33,-0.11025500297546387,2.768667459487915
eval06,emotion_orthogonal,34,-0.0619044303894043,2.9718058109283447
eval06,emotion_orthogonal,35,-0.03487110137939453,2.9077343940734863
eval06,emotion_orthogonal,36,-0.035541534423828125,2.937973976135254
eval06,emotion_orthogonal,37,-0.011213302612304688,2.9820661544799805
eval06,emotion_orthogonal,38,0.05220985412597656,3.0064401626586914
eval06,emotion_orthogonal,39,2.1010169982910156,28.21742010116577
eval06,emotion_orthogonal_matched,22,0.0026252269744873047,3.166412651538849
eval06,emotion_orthogonal_matched,23,0.0013456344604492188,3.050670087337494
eval06,emotion_orthogonal_matched,24,0.011140823364257812,2.9589380025863647
eval06,emotion_orthogonal_matched,25,0.0157012939453125,2.936495363712311
eval06,emotion_orthogonal_matched,26,0.033528804779052734,2.896992027759552
eval06,emotion_orthogonal_matched,27,0.024930238723754883,2.8515331745147705
eval06,emotion_orthogonal_matched,28,-0.013761758804321289,2.826480269432068
eval06,emotion_orthogonal_matched,29,-0.008747339248657227,2.7944828867912292
eval06,emotion_orthogonal_matched,30,0.006918907165527344,2.8127517700195312
eval06,emotion_orthogonal_matched,31,-0.030187606811523438,2.798439681529999
eval06,emotion_orthogonal_matched,32,-0.06514859199523926,2.868621826171875
eval06,emotion_orthogonal_matched,33,-0.1078646183013916,2.8344995975494385
eval06,emotion_orthogonal_matched,34,-0.05703592300415039,3.042924165725708
eval06,emotion_orthogonal_matched,35,-0.025216102600097656,2.980867862701416
eval06,emotion_orthogonal_matched,36,-0.02791881561279297,3.008565902709961
eval06,emotion_orthogonal_matched,37,0.0025081634521484375,3.0573558807373047
eval06,emotion_orthogonal_matched,38,0.061100006103515625,3.067178726196289
eval06,emotion_orthogonal_matched,39,2.3433456420898438,28.775174617767334
eval06,random_control,22,-0.07691526412963867,0.012810111045837402
eval06,random_control,23,-0.046679019927978516,-0.0010792016983032227
eval06,random_control,24,-0.03520631790161133,0.014683663845062256
eval06,random_control,25,-0.028244733810424805,0.007911741733551025
eval06,random_control,26,-0.006134986877441406,0.00199204683303833
eval06,random_control,27,-0.004324436187744141,0.000686943531036377
eval06,random_control,28,0.01734614372253418,0.0062195658683776855
eval06,random_control,29,0.01973748207092285,0.002712070941925049
eval06,random_control,30,-0.031219482421875,-0.01235055923461914
eval06,random_control,31,-0.060306549072265625,0.018847525119781494
eval06,random_control,32,-0.056587934494018555,0.018575429916381836
eval06,random_control,33,-0.0688471794128418,0.015668153762817383
eval06,random_control,34,-0.010841846466064453,-0.017148494720458984
eval06,random_control,35,0.02021026611328125,-0.028925418853759766
eval06,random_control,36,0.01622295379638672,-0.009721755981445312
eval06,random_control,37,-0.1495075225830078,-0.05431938171386719
eval06,random_control,38,-0.06861495971679688,0.08404922485351562
eval06,random_control,39,-0.3241691589355469,1.3284506797790527
eval07,emotion_positive,22,0.7112897634506226,3.2170249819755554
eval07,emotion_positive,23,0.6917024850845337,3.0912516117095947
eval07,emotion_positive,24,0.693516731262207,2.9668434858322144
eval07,emotion_positive,25,0.742241382598877,2.9453659057617188
eval07,emotion_positive,26,0.7537999153137207,2.89861661195755
eval07,emotion_positive,27,0.7388534545898438,2.845708727836609
eval07,emotion_positive,28,0.705329179763794,2.7994720339775085
eval07,emotion_positive,29,0.7063431739807129,2.759291172027588
eval07,emotion_positive,30,0.7548806667327881,2.791164815425873
eval07,emotion_positive,31,0.7207362651824951,2.767833709716797
eval07,emotion_positive,32,0.7362806797027588,2.8440656661987305
eval07,emotion_positive,33,0.7405591011047363,2.8115257024765015
eval07,emotion_positive,34,0.8188581466674805,2.9497746229171753
eval07,emotion_positive,35,0.8604450225830078,2.871432304382324
eval07,emotion_positive,36,0.8794183731079102,2.871262550354004
eval07,emotion_positive,37,1.0692119598388672,2.9914803504943848
eval07,emotion_positive,38,1.0854625701904297,3.052420139312744
eval07,emotion_positive,39,11.54151725769043,30.436518669128418
eval07,emotion_orthogonal,22,0.004931330680847168,3.068003833293915
eval07,emotion_orthogonal,23,-0.0040416717529296875,2.9515926837921143
eval07,emotion_orthogonal,24,0.002771139144897461,2.8287500143051147
eval07,emotion_orthogonal,25,0.03275156021118164,2.8041844367980957
eval07,emotion_orthogonal,26,0.05094647407531738,2.757695972919464
eval07,emotion_orthogonal,27,0.04367995262145996,2.7055970430374146
eval07,emotion_orthogonal,28,0.010171890258789062,2.66941636800766
eval07,emotion_orthogonal,29,0.014702081680297852,2.6303884983062744
eval07,emotion_orthogonal,30,0.03249955177307129,2.6509971022605896
eval07,emotion_orthogonal,31,0.0038933753967285156,2.633394956588745
eval07,emotion_orthogonal,32,-0.013834714889526367,2.7046163082122803
eval07,emotion_orthogonal,33,-0.034934401512145996,2.6795800924301147
eval07,emotion_orthogonal,34,0.039269447326660156,2.8127366304397583
eval07,emotion_orthogonal,35,0.05150890350341797,2.736577033996582
eval07,emotion_orthogonal,36,0.07016849517822266,2.7476277351379395
eval07,emotion_orthogonal,37,0.13220977783203125,2.8137316703796387
eval07,emotion_orthogonal,38,0.14645671844482422,2.900890827178955
eval07,emotion_orthogonal,39,2.6086883544921875,28.728062629699707
eval07,emotion_orthogonal_matched,22,0.009121060371398926,3.1405438780784607
eval07,emotion_orthogonal_matched,23,-0.0001691579818725586,3.0217173099517822
eval07,emotion_orthogonal_matched,24,0.006978154182434082,2.895957350730896
eval07,emotion_orthogonal_matched,25,0.03772926330566406,2.8710033893585205
eval07,emotion_orthogonal_matched,26,0.05629301071166992,2.823576271533966
eval07,emotion_orthogonal_matched,27,0.048803091049194336,2.770445466041565
eval07,emotion_orthogonal_matched,28,0.015085458755493164,2.7331153750419617
eval07,emotion_orthogonal_matched,29,0.019633769989013672,2.6931440830230713
eval07,emotion_orthogonal_matched,30,0.037698984146118164,2.7142810225486755
eval07,emotion_orthogonal_matched,31,0.006780862808227539,2.6955840587615967
eval07,emotion_orthogonal_matched,32,-0.010797500610351562,2.768275737762451
eval07,emotion_orthogonal_matched,33,-0.030612826347351074,2.742425322532654
eval07,emotion_orthogonal_matched,34,0.047948360443115234,2.877843737602234
eval07,emotion_orthogonal_matched,35,0.06262016296386719,2.8034534454345703
eval07,emotion_orthogonal_matched,36,0.07964801788330078,2.8169631958007812
eval07,emotion_orthogonal_matched,37,0.14423847198486328,2.8867287635803223
eval07,emotion_orthogonal_matched,38,0.1533651351928711,2.972017765045166
eval07,emotion_orthogonal_matched,39,2.8161354064941406,29.52576732635498
eval07,random_control,22,-0.05998075008392334,0.017498493194580078
eval07,random_control,23,-0.043883681297302246,0.013202309608459473
eval07,random_control,24,-0.030128955841064453,0.025721073150634766
eval07,random_control,25,-0.030131816864013672,0.008096694946289062
eval07,random_control,26,-0.029881954193115234,-0.0008608102798461914
eval07,random_control,27,-0.046813011169433594,0.0021442174911499023
eval07,random_control,28,-0.039803266525268555,0.015453517436981201
eval07,random_control,29,-0.04147648811340332,0.004743993282318115
eval07,random_control,30,-0.0801546573638916,-0.011752068996429443
eval07,random_control,31,-0.09374809265136719,0.005656599998474121
eval07,random_control,32,-0.089225172996521,-0.008012115955352783
eval07,random_control,33,-0.0911712646484375,-0.0265427827835083
eval07,random_control,34,-0.07442378997802734,-0.033522188663482666
eval07,random_control,35,-0.02835702896118164,-0.03847241401672363
eval07,random_control,36,-0.06365776062011719,-0.05846738815307617
eval07,random_control,37,-0.23987960815429688,-0.10980939865112305
eval07,random_control,38,-0.16877460479736328,0.0470433235168457
eval07,random_control,39,-2.211557388305664,-0.1607990264892578
eval08,emotion_positive,22,0.6868002414703369,3.241178035736084
eval08,emotion_positive,23,0.6696836948394775,3.089470386505127
eval08,emotion_positive,24,0.6506012678146362,2.949126720428467
eval08,emotion_positive,25,0.6631021499633789,2.8351593017578125
eval08,emotion_positive,26,0.6732742786407471,2.7854299545288086
eval08,emotion_positive,27,0.6608796119689941,2.7243764400482178
eval08,emotion_positive,28,0.6100146770477295,2.6579108238220215
eval08,emotion_positive,29,0.5986168384552002,2.603470802307129
eval08,emotion_positive,30,0.6060655117034912,2.591714859008789
eval08,emotion_positive,31,0.5892653465270996,2.579989194869995
eval08,emotion_positive,32,0.5842835903167725,2.6372604370117188
eval08,emotion_positive,33,0.5950627326965332,2.617215156555176
eval08,emotion_positive,34,0.6591229438781738,2.7327613830566406
eval08,emotion_positive,35,0.7246971130371094,2.7312636375427246
eval08,emotion_positive,36,0.7583198547363281,2.75759220123291
eval08,emotion_positive,37,0.9880094528198242,2.8108997344970703
eval08,emotion_positive,38,1.0279560089111328,2.79803466796875
eval08,emotion_positive,39,11.559431076049805,24.82239532470703
eval08,emotion_orthogonal,22,-0.015996098518371582,3.0790581703186035
eval08,emotion_orthogonal,23,-0.02247941493988037,2.935871124267578
eval08,emotion_orthogonal,24,-0.033037424087524414,2.7978291511535645
eval08,emotion_orthogonal,25,-0.03208589553833008,2.67926025390625
eval08,emotion_orthogonal,26,-0.015560626983642578,2.624990463256836
eval08,emotion_orthogonal,27,-0.021783828735351562,2.569256067276001
eval08,emotion_orthogonal,28,-0.06535553932189941,2.5117974281311035
eval08,emotion_orthogonal,29,-0.0718543529510498,2.45998477935791
eval08,emotion_orthogonal,30,-0.08215487003326416,2.4433374404907227
eval08,emotion_orthogonal,31,-0.10123443603515625,2.4331376552581787
eval08,emotion_orthogonal,32,-0.12726378440856934,2.487067222595215
eval08,emotion_orthogonal,33,-0.141393780708313,2.4671802520751953
eval08,emotion_orthogonal,34,-0.0910491943359375,2.5690736770629883
eval08,emotion_orthogonal,35,-0.059203147888183594,2.556556224822998
eval08,emotion_orthogonal,36,-0.03939533233642578,2.581007957458496
eval08,emotion_orthogonal,37,0.04649639129638672,2.589099884033203
eval08,emotion_orthogonal,38,0.06410408020019531,2.618231773376465
eval08,emotion_orthogonal,39,3.6298599243164062,23.07439422607422
eval08,emotion_orthogonal_matched,22,-0.013331174850463867,3.152635097503662
eval08,emotion_orthogonal_matched,23,-0.020069599151611328,3.0060720443725586
eval08,emotion_orthogonal_matched,24,-0.031026005744934082,2.8646082878112793
eval08,emotion_orthogonal_matched,25,-0.03007364273071289,2.7438220977783203
eval08,emotion_orthogonal_matched,26,-0.013196945190429688,2.687839984893799
eval08,emotion_orthogonal_matched,27,-0.019701242446899414,2.6310689449310303
eval08,emotion_orthogonal_matched,28,-0.06473851203918457,2.5723977088928223
eval08,emotion_orthogonal_matched,29,-0.07149124145507812,2.5190887451171875
eval08,emotion_orthogonal_matched,30,-0.0821375846862793,2.502218246459961
eval08,emotion_orthogonal_matched,31,-0.10230898857116699,2.4917142391204834
eval08,emotion_orthogonal_matched,32,-0.12822401523590088,2.546558380126953
eval08,emotion_orthogonal_matched,33,-0.14216220378875732,2.5272111892700195
eval08,emotion_orthogonal_matched,34,-0.08916378021240234,2.632228374481201
eval08,emotion_orthogonal_matched,35,-0.055234432220458984,2.6211180686950684
eval08,emotion_orthogonal_matched,36,-0.031334877014160156,2.647989273071289
eval08,emotion_orthogonal_matched,37,0.06089591979980469,2.6585607528686523
eval08,emotion_orthogonal_matched,38,0.07090473175048828,2.6860580444335938
eval08,emotion_orthogonal_matched,39,3.797700881958008,23.63086700439453
eval08,random_control,22,-0.06686878204345703,0.012359142303466797
eval08,random_control,23,-0.05829966068267822,-0.0030362606048583984
eval08,random_control,24,-0.04579484462738037,0.01569056510925293
eval08,random_control,25,-0.04711723327636719,0.003635883331298828
eval08,random_control,26,-0.044753074645996094,-0.005664348602294922
eval08,random_control,27,-0.05436515808105469,-0.001626729965209961
eval08,random_control,28,-0.03685879707336426,0.019336462020874023
eval08,random_control,29,-0.03480386734008789,0.013714790344238281
eval08,random_control,30,-0.0400395393371582,0.020575284957885742
eval08,random_control,31,-0.05735325813293457,0.03643012046813965
eval08,random_control,32,-0.05463433265686035,0.014538764953613281
eval08,random_control,33,-0.0537874698638916,0.0023851394653320312
eval08,random_control,34,-0.020749568939208984,0.011270523071289062
eval08,random_control,35,0.047461509704589844,0.006581306457519531
eval08,random_control,36,0.04677581787109375,0.014404296875
eval08,random_control,37,-0.1148996353149414,-0.03416252136230469
eval08,random_control,38,-0.10822296142578125,-0.0007381439208984375
eval08,random_control,39,-2.035795211791992,0.289581298828125
eval09,emotion_positive,22,0.6866871118545532,3.2315258979797363
eval09,emotion_positive,23,0.6665089130401611,3.096184015274048
eval09,emotion_positive,24,0.6608759164810181,2.9786627292633057
eval09,emotion_positive,25,0.6627163887023926,2.901544213294983
eval09,emotion_positive,26,0.6556129455566406,2.836518406867981
eval09,emotion_positive,27,0.6574740409851074,2.781933903694153
eval09,emotion_positive,28,0.6199526786804199,2.725468873977661
eval09,emotion_positive,29,0.6152603626251221,2.6831454038619995
eval09,emotion_positive,30,0.615362286567688,2.6579196453094482
eval09,emotion_positive,31,0.5868334770202637,2.6524171829223633
eval09,emotion_positive,32,0.562617301940918,2.692892909049988
eval09,emotion_positive,33,0.5684361457824707,2.6783440113067627
eval09,emotion_positive,34,0.6307473182678223,2.801079750061035
eval09,emotion_positive,35,0.7351222038269043,2.7845191955566406
eval09,emotion_positive,36,0.7677555084228516,2.768355369567871
eval09,emotion_positive,37,0.9132299423217773,2.7945218086242676
eval09,emotion_positive,38,0.8509817123413086,2.658278465270996
eval09,emotion_positive,39,9.832831382751465,23.94548511505127
eval09,emotion_orthogonal,22,-0.01806175708770752,3.074824810028076
eval09,emotion_orthogonal,23,-0.02532339096069336,2.948591947555542
eval09,emotion_orthogonal,24,-0.02593553066253662,2.8343842029571533
eval09,emotion_orthogonal,25,-0.03085470199584961,2.7538613080978394
eval09,emotion_orthogonal,26,-0.031249046325683594,2.6893268823623657
eval09,emotion_orthogonal,27,-0.02368021011352539,2.638177990913391
eval09,emotion_orthogonal,28,-0.059264183044433594,2.5928330421447754
eval09,emotion_orthogonal,29,-0.0608522891998291,2.5511072874069214
eval09,emotion_orthogonal,30,-0.07349145412445068,2.5227839946746826
eval09,emotion_orthogonal,31,-0.10004138946533203,2.525832176208496
eval09,emotion_orthogonal,32,-0.14601492881774902,2.565813422203064
eval09,emotion_orthogonal,33,-0.1664828062057495,2.5481574535369873
eval09,emotion_orthogonal,34,-0.11239004135131836,2.653949737548828
eval09,emotion_orthogonal,35,-0.04907989501953125,2.6251401901245117
eval09,emotion_orthogonal,36,-0.03314018249511719,2.6130504608154297
eval09,emotion_orthogonal,37,-0.011636734008789062,2.6023526191711426
eval09,emotion_orthogonal,38,-0.08312129974365234,2.482672691345215
eval09,emotion_orthogonal,39,2.2108945846557617,22.318058967590332
eval09,emotion_orthogonal_matched,22,-0.015286087989807129,3.147329807281494
eval09,emotion_orthogonal_matched,23,-0.02319478988647461,3.0178983211517334
eval09,emotion_orthogonal_matched,24,-0.024046778678894043,2.9007089138031006
eval09,emotion_orthogonal_matched,25,-0.029909372329711914,2.817954182624817
eval09,emotion_orthogonal_matched,26,-0.030287742614746094,2.7519208192825317
eval09,emotion_orthogonal_matched,27,-0.022734403610229492,2.6994537115097046
eval09,emotion_orthogonal_matched,28,-0.059599876403808594,2.652409791946411
eval09,emotion_orthogonal_matched,29,-0.061188459396362305,2.6095303297042847
eval09,emotion_orthogonal_matched,30,-0.07438766956329346,2.580735445022583
eval09,emotion_orthogonal_matched,31,-0.10086965560913086,2.583109140396118
eval09,emotion_orthogonal_matched,32,-0.14669287204742432,2.6245592832565308
eval09,emotion_orthogonal_matched,33,-0.1662079095840454,2.6045892238616943
eval09,emotion_orthogonal_matched,34,-0.11186456680297852,2.7145023345947266
eval09,emotion_orthogonal_matched,35,-0.046881675720214844,2.684567928314209
eval09,emotion_orthogonal_matched,36,-0.030098915100097656,2.671741485595703
eval09,emotion_orthogonal_matched,37,-0.012540817260742188,2.662519931793213
eval09,emotion_orthogonal_matched,38,-0.08631515502929688,2.5344648361206055
eval09,emotion_orthogonal_matched,39,2.277928352355957,22.863104820251465
eval09,random_control,22,-0.06453406810760498,-8.392333984375e-05
eval09,random_control,23,-0.0489882230758667,-0.014459371566772461
eval09,random_control,24,-0.03847038745880127,-0.007403135299682617
eval09,random_control,25,-0.029592275619506836,-0.028912901878356934
eval09,random_control,26,-0.03414726257324219,-0.04272198677062988
eval09,random_control,27,-0.0418705940246582,-0.03489482402801514
eval09,random_control,28,-0.03402137756347656,-0.016876935958862305
eval09,random_control,29,-0.03309369087219238,-0.014819025993347168
eval09,random_control,30,-0.05439889430999756,-0.017132043838500977
eval09,random_control,31,-0.09059882164001465,0.006270289421081543
eval09,random_control,32,-0.08665287494659424,-0.0025786161422729492
eval09,random_control,33,-0.10261118412017822,-0.018347978591918945
eval09,random_control,34,-0.07673883438110352,-0.02757430076599121
eval09,random_control,35,-0.010977745056152344,-0.038958072662353516
eval09,random_control,36,-0.03283882141113281,-0.06685829162597656
eval09,random_control,37,-0.19351959228515625,-0.09121322631835938
eval09,random_control,38,-0.14313983917236328,-0.04833269119262695
eval09,random_control,39,-1.2960338592529297,-0.6078290939331055
eval10,emotion_positive,22,0.6811859607696533,3.1820477843284607
eval10,emotion_positive,23,0.6620686054229736,3.048789858818054
eval10,emotion_positive,24,0.6475780010223389,2.9447975158691406
eval10,emotion_positive,25,0.667069673538208,2.9109344482421875
eval10,emotion_positive,26,0.6754841804504395,2.873148798942566
eval10,emotion_positive,27,0.679415225982666,2.8052327036857605
eval10,emotion_positive,28,0.6395032405853271,2.763041138648987
eval10,emotion_positive,29,0.638237476348877,2.730287551879883
eval10,emotion_positive,30,0.6503908634185791,2.7312997579574585
eval10,emotion_positive,31,0.616051435470581,2.7036261558532715
eval10,emotion_positive,32,0.615790843963623,2.75343918800354
eval10,emotion_positive,33,0.6251206398010254,2.7622251510620117
eval10,emotion_positive,34,0.7113885879516602,2.988165855407715
eval10,emotion_positive,35,0.7842283248901367,2.9952316284179688
eval10,emotion_positive,36,0.8063077926635742,2.9997148513793945
eval10,emotion_positive,37,0.9975299835205078,3.043910503387451
eval10,emotion_positive,38,0.9022655487060547,2.997256278991699
eval10,emotion_positive,39,10.222766876220703,27.722161769866943
eval10,emotion_orthogonal,22,-0.021237492561340332,3.029850661754608
eval10,emotion_orthogonal,23,-0.026532769203186035,2.910479426383972
eval10,emotion_orthogonal,24,-0.03425145149230957,2.8100168704986572
eval10,emotion_orthogonal,25,-0.030320167541503906,2.7724854946136475
eval10,emotion_orthogonal,26,-0.01744389533996582,2.734454035758972
eval10,emotion_orthogonal,27,-0.006774187088012695,2.6692788004875183
eval10,emotion_orthogonal,28,-0.044996023178100586,2.6343711614608765
eval10,emotion_orthogonal,29,-0.04375338554382324,2.6029458045959473
eval10,emotion_orthogonal,30,-0.04895305633544922,2.601258635520935
eval10,emotion_orthogonal,31,-0.08431458473205566,2.5784311294555664
eval10,emotion_orthogonal,32,-0.11175251007080078,2.6239750385284424
eval10,emotion_orthogonal,33,-0.13870024681091309,2.629709243774414
eval10,emotion_orthogonal,34,-0.06602191925048828,2.8451037406921387
eval10,emotion_orthogonal,35,-0.026635169982910156,2.842434883117676
eval10,emotion_orthogonal,36,-0.008477210998535156,2.847689628601074
eval10,emotion_orthogonal,37,0.061156272888183594,2.856123447418213
eval10,emotion_orthogonal,38,-0.05308055877685547,2.8444385528564453
eval10,emotion_orthogonal,39,2.0754776000976562,26.211509227752686
eval10,emotion_orthogonal_matched,22,-0.01848125457763672,3.1016387343406677
eval10,emotion_orthogonal_matched,23,-0.02379322052001953,2.9795197248458862
eval10,emotion_orthogonal_matched,24,-0.032219648361206055,2.8763556480407715
eval10,emotion_orthogonal_matched,25,-0.02938246726989746,2.837618112564087
eval10,emotion_orthogonal_matched,26,-0.016286373138427734,2.7989012002944946
eval10,emotion_orthogonal_matched,27,-0.005702495574951172,2.732768952846527
eval10,emotion_orthogonal_matched,28,-0.045105695724487305,2.6972345113754272
eval10,emotion_orthogonal_matched,29,-0.04369807243347168,2.664935350418091
eval10,emotion_orthogonal_matched,30,-0.04941129684448242,2.6628042459487915
eval10,emotion_orthogonal_matched,31,-0.08556580543518066,2.639234781265259
eval10,emotion_orthogonal_matched,32,-0.11394667625427246,2.684983968734741
eval10,emotion_orthogonal_matched,33,-0.13919854164123535,2.690317153930664
eval10,emotion_orthogonal_matched,34,-0.06805610656738281,2.914212703704834
eval10,emotion_orthogonal_matched,35,-0.02796173095703125,2.9078168869018555
eval10,emotion_orthogonal_matched,36,-0.0074520111083984375,2.911282539367676
eval10,emotion_orthogonal_matched,37,0.062211036682128906,2.921191692352295
eval10,emotion_orthogonal_matched,38,-0.05387592315673828,2.9071102142333984
eval10,emotion_orthogonal_matched,39,2.218994140625,26.867860317230225
eval10,random_control,22,-0.06038665771484375,0.01294475793838501
eval10,random_control,23,-0.05658161640167236,0.002637028694152832
eval10,random_control,24,-0.04680228233337402,0.011213064193725586
eval10,random_control,25,-0.05175137519836426,-0.018267154693603516
eval10,random_control,26,-0.053617238998413086,-0.04863691329956055
eval10,random_control,27,-0.059906721115112305,-0.04044860601425171
eval10,random_control,28,-0.04075312614440918,-0.0275193452835083
eval10,random_control,29,-0.035746097564697266,-0.0323796272277832
eval10,random_control,30,-0.06366801261901855,-0.04203611612319946
eval10,random_control,31,-0.08657073974609375,-0.01913142204284668
eval10,random_control,32,-0.07297730445861816,-0.039412498474121094
eval10,random_control,33,-0.08130550384521484,-0.04952192306518555
eval10,random_control,34,-0.06447029113769531,-0.04504525661468506
eval10,random_control,35,-0.006535530090332031,-0.04801487922668457
eval10,random_control,36,-0.008176803588867188,-0.031325340270996094
eval10,random_control,37,-0.20659828186035156,-0.054277896881103516
eval10,random_control,38,-0.17290401458740234,0.006684303283691406
eval10,random_control,39,-1.705474853515625,-0.09626245498657227
eval11,emotion_positive,22,0.6799819469451904,3.2275213599205017
eval11,emotion_positive,23,0.6716585159301758,3.0979658365249634
eval11,emotion_positive,24,0.6893515586853027,2.9799972772598267
eval11,emotion_positive,25,0.728499174118042,2.9243606328964233
eval11,emotion_positive,26,0.7324209213256836,2.8508979082107544
eval11,emotion_positive,27,0.7315406799316406,2.7984724044799805
eval11,emotion_positive,28,0.7034039497375488,2.753684341907501
eval11,emotion_positive,29,0.6987314224243164,2.6871750354766846
eval11,emotion_positive,30,0.7011661529541016,2.681379795074463
eval11,emotion_positive,31,0.6871647834777832,2.6782400608062744
eval11,emotion_positive,32,0.7054746150970459,2.7480504512786865
eval11,emotion_positive,33,0.7344458103179932,2.751343250274658
eval11,emotion_positive,34,0.8129324913024902,2.961550712585449
eval11,emotion_positive,35,0.9118862152099609,2.9440996646881104
eval11,emotion_positive,36,0.9401388168334961,2.994844913482666
eval11,emotion_positive,37,1.1291637420654297,3.064234733581543
eval11,emotion_positive,38,1.1032829284667969,2.9844088554382324
eval11,emotion_positive,39,12.140214920043945,27.52712631225586
eval11,emotion_orthogonal,22,-0.023944616317749023,3.072443425655365
eval11,emotion_orthogonal,23,-0.018656611442565918,2.9545782804489136
eval11,emotion_orthogonal,24,0.004981040954589844,2.8380876779556274
eval11,emotion_orthogonal,25,0.033788442611694336,2.777253270149231
eval11,emotion_orthogonal,26,0.04248666763305664,2.7049964666366577
eval11,emotion_orthogonal,27,0.0477147102355957,2.653287410736084
eval11,emotion_orthogonal,28,0.0193789005279541,2.617775022983551
eval11,emotion_orthogonal,29,0.019511699676513672,2.5510759353637695
eval11,emotion_orthogonal,30,0.0023224353790283203,2.5358662605285645
eval11,emotion_orthogonal,31,-0.008790254592895508,2.5365138053894043
eval11,emotion_orthogonal,32,-0.02110600471496582,2.6018664836883545
eval11,emotion_orthogonal,33,-0.020750999450683594,2.6053214073181152
eval11,emotion_orthogonal,34,0.04865264892578125,2.804089069366455
eval11,emotion_orthogonal,35,0.10217142105102539,2.7756779193878174
eval11,emotion_orthogonal,36,0.12109804153442383,2.8285202980041504
eval11,emotion_orthogonal,37,0.16672515869140625,2.8516149520874023
eval11,emotion_orthogonal,38,0.12264728546142578,2.786942958831787
eval11,emotion_orthogonal,39,4.230846405029297,25.657135009765625
eval11,emotion_orthogonal_matched,22,-0.021058320999145508,3.1457857489585876
eval11,emotion_orthogonal_matched,23,-0.015679240226745605,3.025349259376526
eval11,emotion_orthogonal_matched,24,0.008743762969970703,2.9062825441360474
eval11,emotion_orthogonal_matched,25,0.037711381912231445,2.844485878944397
eval11,emotion_orthogonal_matched,26,0.046521663665771484,2.770631194114685
eval11,emotion_orthogonal_matched,27,0.05202674865722656,2.7182095050811768
eval11,emotion_orthogonal_matched,28,0.023165225982666016,2.681658089160919
eval11,emotion_orthogonal_matched,29,0.02304363250732422,2.6135010719299316
eval11,emotion_orthogonal_matched,30,0.005601167678833008,2.598262310028076
eval11,emotion_orthogonal_matched,31,-0.006183147430419922,2.598397970199585
eval11,emotion_orthogonal_matched,32,-0.019089937210083008,2.664811849594116
eval11,emotion_orthogonal_matched,33,-0.01564788818359375,2.6686973571777344
eval11,emotion_orthogonal_matched,34,0.054907798767089844,2.8734030723571777
eval11,emotion_orthogonal_matched,35,0.11200475692749023,2.8461296558380127
eval11,emotion_orthogonal_matched,36,0.13101530075073242,2.901721477508545
eval11,emotion_orthogonal_matched,37,0.1789569854736328,2.925596237182617
eval11,emotion_orthogonal_matched,38,0.13295459747314453,2.8676819801330566
eval11,emotion_orthogonal_matched,39,4.293554306030273,26.391117095947266
eval11,random_control,22,-0.06481099128723145,0.01654195785522461
eval11,random_control,23,-0.050827980041503906,-0.0010638236999511719
eval11,random_control,24,-0.04524397850036621,0.007051587104797363
eval11,random_control,25,-0.04179883003234863,-0.012415587902069092
eval11,random_control,26,-0.047469139099121094,-0.017021596431732178
eval11,random_control,27,-0.05274009704589844,-0.008624911308288574
eval11,random_control,28,-0.03537607192993164,0.03021293878555298
eval11,random_control,29,-0.044211387634277344,0.030914306640625
eval11,random_control,30,-0.06725692749023438,0.023137569427490234
eval11,random_control,31,-0.09274578094482422,0.04475259780883789
eval11,random_control,32,-0.08824801445007324,0.04136395454406738
eval11,random_control,33,-0.08357822895050049,0.04221916198730469
eval11,random_control,34,-0.07438468933105469,0.010939598083496094
eval11,random_control,35,0.015385150909423828,0.03485846519470215
eval11,random_control,36,-0.0017185211181640625,0.023184776306152344
eval11,random_control,37,-0.15589332580566406,0.0006213188171386719
eval11,random_control,38,-0.12004280090332031,0.03195905685424805
eval11,random_control,39,-1.880126953125,0.7175941467285156
eval12,emotion_positive,22,0.7222318649291992,3.2405073642730713
eval12,emotion_positive,23,0.7249221801757812,3.17335844039917
eval12,emotion_positive,24,0.7280645370483398,3.0471534729003906
eval12,emotion_positive,25,0.7316961288452148,3.000473976135254
eval12,emotion_positive,26,0.7410440444946289,2.973950147628784
eval12,emotion_positive,27,0.7421588897705078,2.9419589042663574
eval12,emotion_positive,28,0.7019262313842773,2.88883113861084
eval12,emotion_positive,29,0.7199416160583496,2.8767733573913574
eval12,emotion_positive,30,0.7422385215759277,2.894418239593506
eval12,emotion_positive,31,0.7148456573486328,2.8702609539031982
eval12,emotion_positive,32,0.6686134338378906,2.912248134613037
eval12,emotion_positive,33,0.6121025085449219,2.837343215942383
eval12,emotion_positive,34,0.6185197830200195,2.9817252159118652
eval12,emotion_positive,35,0.6481142044067383,2.9850454330444336
eval12,emotion_positive,36,0.7191867828369141,3.0567798614501953
eval12,emotion_positive,37,0.8696708679199219,3.1299638748168945
eval12,emotion_positive,38,1.012115478515625,3.0405731201171875
eval12,emotion_positive,39,11.583518981933594,28.012096405029297
eval12,emotion_orthogonal,22,-0.003033161163330078,3.0783112049102783
eval12,emotion_orthogonal,23,0.0002570152282714844,3.0164756774902344
eval12,emotion_orthogonal,24,0.005382537841796875,2.8915648460388184
eval12,emotion_orthogonal,25,-0.007224559783935547,2.840155601501465
eval12,emotion_orthogonal,26,0.00157928466796875,2.8106300830841064
eval12,emotion_orthogonal,27,0.004718780517578125,2.780534267425537
eval12,emotion_orthogonal,28,-0.037610530853271484,2.7379631996154785
eval12,emotion_orthogonal,29,-0.022504806518554688,2.7276735305786133
eval12,emotion_orthogonal,30,-0.02963399887084961,2.7420053482055664
eval12,emotion_orthogonal,31,-0.06632804870605469,2.7213447093963623
eval12,emotion_orthogonal,32,-0.11934947967529297,2.772980213165283
eval12,emotion_orthogonal,33,-0.19515609741210938,2.7113990783691406
eval12,emotion_orthogonal,34,-0.1994314193725586,2.8298392295837402
eval12,emotion_orthogonal,35,-0.20749568939208984,2.8296079635620117
eval12,emotion_orthogonal,36,-0.15530014038085938,2.9047155380249023
eval12,emotion_orthogonal,37,-0.1025543212890625,2.95322322845459
eval12,emotion_orthogonal,38,-0.00926971435546875,2.8801259994506836
eval12,emotion_orthogonal,39,2.8986282348632812,26.53640365600586
eval12,emotion_orthogonal_matched,22,-0.00044727325439453125,3.149719476699829
eval12,emotion_orthogonal_matched,23,0.0028777122497558594,3.0859994888305664
eval12,emotion_orthogonal_matched,24,0.007555961608886719,2.9578189849853516
eval12,emotion_orthogonal_matched,25,-0.004883766174316406,2.9061384201049805
eval12,emotion_orthogonal_matched,26,0.003981590270996094,2.8764841556549072
eval12,emotion_orthogonal_matched,27,0.006762981414794922,2.8451242446899414
eval12,emotion_orthogonal_matched,28,-0.03738880157470703,2.8008289337158203
eval12,emotion_orthogonal_matched,29,-0.02322864532470703,2.788552761077881
eval12,emotion_orthogonal_matched,30,-0.030409812927246094,2.8034520149230957
eval12,emotion_orthogonal_matched,31,-0.06881904602050781,2.7833316326141357
eval12,emotion_orthogonal_matched,32,-0.12335681915283203,2.835129737854004
eval12,emotion_orthogonal_matched,33,-0.2013998031616211,2.7714624404907227
eval12,emotion_orthogonal_matched,34,-0.2051372528076172,2.893186569213867
eval12,emotion_orthogonal_matched,35,-0.21895122528076172,2.890904426574707
eval12,emotion_orthogonal_matched,36,-0.16362571716308594,2.9669981002807617
eval12,emotion_orthogonal_matched,37,-0.11070632934570312,3.0187835693359375
eval12,emotion_orthogonal_matched,38,-0.013607025146484375,2.945990562438965
eval12,emotion_orthogonal_matched,39,2.928466796875,27.082401275634766
eval12,random_control,22,-0.05127429962158203,0.0046041011810302734
eval12,random_control,23,-0.020197391510009766,-0.0023064613342285156
eval12,random_control,24,-0.010140419006347656,0.012452125549316406
eval12,random_control,25,-0.009647369384765625,0.005934238433837891
eval12,random_control,26,-0.019649505615234375,-0.0024569034576416016
eval12,random_control,27,-0.02555561065673828,-0.007936477661132812
eval12,random_control,28,-0.0038094520568847656,0.009768962860107422
eval12,random_control,29,-0.0037479400634765625,0.024407148361206055
eval12,random_control,30,-0.03829145431518555,-0.01024174690246582
eval12,random_control,31,-0.07617473602294922,0.008419275283813477
eval12,random_control,32,-0.0644683837890625,0.0145263671875
eval12,random_control,33,-0.06183338165283203,-0.034361839294433594
eval12,random_control,34,-0.07522296905517578,-0.055468082427978516
eval12,random_control,35,-0.0006513595581054688,-0.05948686599731445
eval12,random_control,36,-0.02274799346923828,-0.03245830535888672
eval12,random_control,37,-0.12641525268554688,-0.03588676452636719
eval12,random_control,38,-0.1509838104248047,0.002254486083984375
eval12,random_control,39,-1.7355728149414062,-0.3001213073730469
eval13,emotion_positive,22,0.6901247501373291,3.1688644886016846
eval13,emotion_positive,23,0.6636451482772827,2.9894055128097534
eval13,emotion_positive,24,0.6603010892868042,2.861106753349304
eval13,emotion_positive,25,0.6847612857818604,2.8029766976833344
eval13,emotion_positive,26,0.6894333362579346,2.740729331970215
eval13,emotion_positive,27,0.6841017007827759,2.677472025156021
eval13,emotion_positive,28,0.6356334686279297,2.6195441484451294
eval13,emotion_positive,29,0.6338026523590088,2.563776910305023
eval13,emotion_positive,30,0.6456958055496216,2.5576332807540894
eval13,emotion_positive,31,0.6066125631332397,2.526280701160431
eval13,emotion_positive,32,0.6150879859924316,2.5867427587509155
eval13,emotion_positive,33,0.6182142496109009,2.573732614517212
eval13,emotion_positive,34,0.6679167747497559,2.7120490074157715
eval13,emotion_positive,35,0.7101621627807617,2.6849913597106934
eval13,emotion_positive,36,0.7377223968505859,2.713168144226074
eval13,emotion_positive,37,0.9426975250244141,2.768467903137207
eval13,emotion_positive,38,0.9124202728271484,2.8722333908081055
eval13,emotion_positive,39,9.563989639282227,27.396957397460938
eval13,emotion_orthogonal,22,-0.004522562026977539,3.023146629333496
eval13,emotion_orthogonal,23,-0.011545121669769287,2.8571211099624634
eval13,emotion_orthogonal,24,-0.0044367313385009766,2.732727885246277
eval13,emotion_orthogonal,25,0.0136491060256958,2.672499269247055
eval13,emotion_orthogonal,26,0.02786087989807129,2.6097793579101562
eval13,emotion_orthogonal,27,0.03105604648590088,2.54848113656044
eval13,emotion_orthogonal,28,-0.011563539505004883,2.498738169670105
eval13,emotion_orthogonal,29,-0.0072782039642333984,2.444960057735443
eval13,emotion_orthogonal,30,-0.012435555458068848,2.4299415349960327
eval13,emotion_orthogonal,31,-0.049265146255493164,2.403663218021393
eval13,emotion_orthogonal,32,-0.066802978515625,2.4619749784469604
eval13,emotion_orthogonal,33,-0.08325576782226562,2.4516661167144775
eval13,emotion_orthogonal,34,-0.04878568649291992,2.5849812030792236
eval13,emotion_orthogonal,35,-0.02828693389892578,2.5506210327148438
eval13,emotion_orthogonal,36,-0.013426780700683594,2.5837278366088867
eval13,emotion_orthogonal,37,0.06970405578613281,2.5964059829711914
eval13,emotion_orthogonal,38,0.017752647399902344,2.713263511657715
eval13,emotion_orthogonal,39,1.7228679656982422,25.838943481445312
eval13,emotion_orthogonal_matched,22,-0.0020788908004760742,3.094569444656372
eval13,emotion_orthogonal_matched,23,-0.009168624877929688,2.9248420000076294
eval13,emotion_orthogonal_matched,24,-0.001983165740966797,2.7972992658615112
eval13,emotion_orthogonal_matched,25,0.016408801078796387,2.7359722554683685
eval13,emotion_orthogonal_matched,26,0.0310441255569458,2.671983480453491
eval13,emotion_orthogonal_matched,27,0.034621596336364746,2.6095496714115143
eval13,emotion_orthogonal_matched,28,-0.009205102920532227,2.5583099126815796
eval13,emotion_orthogonal_matched,29,-0.004303693771362305,2.5032998919487
eval13,emotion_orthogonal_matched,30,-0.009187936782836914,2.488301157951355
eval13,emotion_orthogonal_matched,31,-0.046617746353149414,2.461428940296173
eval13,emotion_orthogonal_matched,32,-0.0643768310546875,2.5218056440353394
eval13,emotion_orthogonal_matched,33,-0.07983803749084473,2.510183572769165
eval13,emotion_orthogonal_matched,34,-0.04719877243041992,2.6476316452026367
eval13,emotion_orthogonal_matched,35,-0.02393627166748047,2.6158957481384277
eval13,emotion_orthogonal_matched,36,-0.008204460144042969,2.651479721069336
eval13,emotion_orthogonal_matched,37,0.07957267761230469,2.666104316711426
eval13,emotion_orthogonal_matched,38,0.02103137969970703,2.771554946899414
eval13,emotion_orthogonal_matched,39,1.7339000701904297,26.421905517578125
eval13,random_control,22,-0.0533672571182251,0.012092411518096924
eval13,random_control,23,-0.03655648231506348,0.00644916296005249
eval13,random_control,24,-0.02276623249053955,0.022504448890686035
eval13,random_control,25,-0.02043604850769043,-0.0002792477607727051
eval13,random_control,26,-0.020503997802734375,-0.0022035837173461914
eval13,random_control,27,-0.0397791862487793,-0.0014965534210205078
eval13,random_control,28,-0.029889345169067383,0.012872457504272461
eval13,random_control,29,-0.029195308685302734,0.003389716148376465
eval13,random_control,30,-0.056442975997924805,-0.008487105369567871
eval13,random_control,31,-0.08567523956298828,0.023558855056762695
eval13,random_control,32,-0.08875656127929688,0.010787606239318848
eval13,random_control,33,-0.09733808040618896,0.014470815658569336
eval13,random_control,34,-0.08423709869384766,0.016082763671875
eval13,random_control,35,-0.027291297912597656,0.024470090866088867
eval13,random_control,36,-0.026165485382080078,0.04227161407470703
eval13,random_control,37,-0.17319679260253906,0.006537437438964844
eval13,random_control,38,-0.09380054473876953,0.19843244552612305
eval13,random_control,39,-2.933155059814453,2.076231002807617
eval14,emotion_positive,22,0.6518595218658447,3.150975823402405
eval14,emotion_positive,23,0.6271659135818481,2.99960458278656
eval14,emotion_positive,24,0.6179340183734894,2.863245725631714
eval14,emotion_positive,25,0.639442503452301,2.7907334566116333
eval14,emotion_positive,26,0.6352482438087463,2.7217657566070557
eval14,emotion_positive,27,0.6366478800773621,2.650942802429199
eval14,emotion_positive,28,0.590751051902771,2.575995087623596
eval14,emotion_positive,29,0.5903838276863098,2.522919178009033
eval14,emotion_positive,30,0.5737329125404358,2.490537405014038
eval14,emotion_positive,31,0.5334775149822235,2.445464253425598
eval14,emotion_positive,32,0.5567469000816345,2.4712640047073364
eval14,emotion_positive,33,0.5595859289169312,2.465536594390869
eval14,emotion_positive,34,0.6004624366760254,2.5755105018615723
eval14,emotion_positive,35,0.6609547138214111,2.563488245010376
eval14,emotion_positive,36,0.6894431114196777,2.612461566925049
eval14,emotion_positive,37,0.8135261535644531,2.66964054107666
eval14,emotion_positive,38,0.7648181915283203,2.5852766036987305
eval14,emotion_positive,39,7.514253616333008,23.265132904052734
eval14,emotion_orthogonal,22,-0.03224676847457886,3.0050660371780396
eval14,emotion_orthogonal,23,-0.03990635275840759,2.863688349723816
eval14,emotion_orthogonal,24,-0.03788861632347107,2.7325847148895264
eval14,emotion_orthogonal,25,-0.013838708400726318,2.6604195833206177
eval14,emotion_orthogonal,26,-0.00804358720779419,2.5928852558135986
eval14,emotion_orthogonal,27,0.0016134381294250488,2.526315689086914
eval14,emotion_orthogonal,28,-0.038218021392822266,2.463342308998108
eval14,emotion_orthogonal,29,-0.029334306716918945,2.412384510040283
eval14,emotion_orthogonal,30,-0.04852758347988129,2.37290096282959
eval14,emotion_orthogonal,31,-0.08473998308181763,2.3350006341934204
eval14,emotion_orthogonal,32,-0.07549905776977539,2.364334225654602
eval14,emotion_orthogonal,33,-0.09308463335037231,2.360227108001709
eval14,emotion_orthogonal,34,-0.05604672431945801,2.4663610458374023
eval14,emotion_orthogonal,35,-0.01859450340270996,2.4462101459503174
eval14,emotion_orthogonal,36,0.0019297599792480469,2.4944615364074707
eval14,emotion_orthogonal,37,0.016976356506347656,2.5157690048217773
eval14,emotion_orthogonal,38,-0.033466339111328125,2.4488563537597656
eval14,emotion_orthogonal,39,1.0007266998291016,22.074146270751953
eval14,emotion_orthogonal_matched,22,-0.03073263168334961,3.0759044885635376
eval14,emotion_orthogonal_matched,23,-0.03851050138473511,2.931143641471863
eval14,emotion_orthogonal_matched,24,-0.03656145930290222,2.796766996383667
eval14,emotion_orthogonal_matched,25,-0.012439250946044922,2.723760724067688
eval14,emotion_orthogonal_matched,26,-0.0065405964851379395,2.6544153690338135
eval14,emotion_orthogonal_matched,27,0.00340425968170166,2.586144208908081
eval14,emotion_orthogonal_matched,28,-0.03704476356506348,2.5217539072036743
eval14,emotion_orthogonal_matched,29,-0.028352022171020508,2.469686985015869
eval14,emotion_orthogonal_matched,30,-0.048260390758514404,2.429145574569702
eval14,emotion_orthogonal_matched,31,-0.08596184849739075,2.389889359474182
eval14,emotion_orthogonal_matched,32,-0.07691013813018799,2.4200040102005005
eval14,emotion_orthogonal_matched,33,-0.09422129392623901,2.4166345596313477
eval14,emotion_orthogonal_matched,34,-0.05567646026611328,2.5227408409118652
eval14,emotion_orthogonal_matched,35,-0.01858830451965332,2.502103090286255
eval14,emotion_orthogonal_matched,36,-0.0002913475036621094,2.5503010749816895
eval14,emotion_orthogonal_matched,37,0.014108657836914062,2.570498466491699
eval14,emotion_orthogonal_matched,38,-0.04010772705078125,2.506375312805176
eval14,emotion_orthogonal_matched,39,1.0196552276611328,22.584861755371094
eval14,random_control,22,-0.05767437815666199,-0.008816361427307129
eval14,random_control,23,-0.03747135400772095,-0.007478833198547363
eval14,random_control,24,-0.0315764844417572,-0.0014976263046264648
eval14,random_control,25,-0.031019628047943115,-0.02631688117980957
eval14,random_control,26,-0.02979147434234619,-0.03769886493682861
eval14,random_control,27,-0.03190642595291138,-0.04074585437774658
eval14,random_control,28,-0.007936596870422363,-0.019337058067321777
eval14,random_control,29,-0.004920363426208496,-0.019724369049072266
eval14,random_control,30,-0.02475273609161377,-0.02686929702758789
eval14,random_control,31,-0.04215499758720398,0.0021965503692626953
eval14,random_control,32,-0.0316978394985199,-0.018595337867736816
eval14,random_control,33,-0.03309136629104614,-0.042876482009887695
eval14,random_control,34,-0.05748462677001953,-0.04841780662536621
eval14,random_control,35,-0.03447222709655762,-0.05688786506652832
eval14,random_control,36,-0.024975299835205078,-0.041097164154052734
eval14,random_control,37,-0.1742572784423828,-0.10189151763916016
eval14,random_control,38,-0.1385488510131836,-0.03404998779296875
eval14,random_control,39,-1.8149070739746094,0.6771774291992188
eval15,emotion_positive,22,0.7187371253967285,3.2682125568389893
eval15,emotion_positive,23,0.6997182369232178,3.1370720863342285
eval15,emotion_positive,24,0.7004513740539551,3.0191128253936768
eval15,emotion_positive,25,0.7051839828491211,2.964189291000366
eval15,emotion_positive,26,0.7161741256713867,2.9406943321228027
eval15,emotion_positive,27,0.7009954452514648,2.887042999267578
eval15,emotion_positive,28,0.6483101844787598,2.8344438076019287
eval15,emotion_positive,29,0.6495623588562012,2.802276849746704
eval15,emotion_positive,30,0.6582508087158203,2.794827699661255
eval15,emotion_positive,31,0.6205968856811523,2.7621889114379883
eval15,emotion_positive,32,0.5975723266601562,2.8060450553894043
eval15,emotion_positive,33,0.6083054542541504,2.8357131481170654
eval15,emotion_positive,34,0.6885242462158203,3.019379138946533
eval15,emotion_positive,35,0.7670383453369141,3.038952350616455
eval15,emotion_positive,36,0.7968692779541016,3.0489253997802734
eval15,emotion_positive,37,0.9372777938842773,3.1324462890625
eval15,emotion_positive,38,0.9567680358886719,3.1096811294555664
eval15,emotion_positive,39,9.873146057128906,27.850805282592773
eval15,emotion_orthogonal,22,-0.011866092681884766,3.099698305130005
eval15,emotion_orthogonal,23,-0.020144224166870117,2.978940010070801
eval15,emotion_orthogonal,24,-0.010027647018432617,2.8647243976593018
eval15,emotion_orthogonal,25,-0.017903804779052734,2.803358316421509
eval15,emotion_orthogonal,26,-0.005288600921630859,2.7796568870544434
eval15,emotion_orthogonal,27,-0.01657867431640625,2.7299771308898926
eval15,emotion_orthogonal,28,-0.0672769546508789,2.6901299953460693
eval15,emotion_orthogonal,29,-0.06297492980957031,2.659210443496704
eval15,emotion_orthogonal,30,-0.07210350036621094,2.6417195796966553
eval15,emotion_orthogonal,31,-0.10631275177001953,2.6165919303894043
eval15,emotion_orthogonal,32,-0.1493387222290039,2.656670093536377
eval15,emotion_orthogonal,33,-0.16820573806762695,2.6818387508392334
eval15,emotion_orthogonal,34,-0.11213397979736328,2.84366512298584
eval15,emotion_orthogonal,35,-0.07482242584228516,2.850468158721924
eval15,emotion_orthogonal,36,-0.0596160888671875,2.866114616394043
eval15,emotion_orthogonal,37,-0.02594757080078125,2.9124536514282227
eval15,emotion_orthogonal,38,-0.023128509521484375,2.8979339599609375
eval15,emotion_orthogonal,39,1.82830810546875,26.05574607849121
eval15,emotion_orthogonal_matched,22,-0.008390426635742188,3.173720598220825
eval15,emotion_orthogonal_matched,23,-0.01679062843322754,3.049711227416992
eval15,emotion_orthogonal_matched,24,-0.006689548492431641,2.93241810798645
eval15,emotion_orthogonal_matched,25,-0.015392303466796875,2.869556188583374
eval15,emotion_orthogonal_matched,26,-0.00342559814453125,2.844639778137207
eval15,emotion_orthogonal_matched,27,-0.015240192413330078,2.793637752532959
eval15,emotion_orthogonal_matched,28,-0.06693649291992188,2.753217935562134
eval15,emotion_orthogonal_matched,29,-0.06278800964355469,2.721738576889038
eval15,emotion_orthogonal_matched,30,-0.07277774810791016,2.703892469406128
eval15,emotion_orthogonal_matched,31,-0.10943984985351562,2.677842140197754
eval15,emotion_orthogonal_matched,32,-0.15316295623779297,2.7189102172851562
eval15,emotion_orthogonal_matched,33,-0.1698169708251953,2.7448627948760986
eval15,emotion_orthogonal_matched,34,-0.11313438415527344,2.9106760025024414
eval15,emotion_orthogonal_matched,35,-0.07811260223388672,2.9185214042663574
eval15,emotion_orthogonal_matched,36,-0.06229114532470703,2.933897018432617
eval15,emotion_orthogonal_matched,37,-0.027919769287109375,2.9798145294189453
eval15,emotion_orthogonal_matched,38,-0.02342987060546875,2.979642868041992
eval15,emotion_orthogonal_matched,39,1.84893798828125,26.72723960876465
eval15,random_control,22,-0.05995965003967285,-0.0006203651428222656
eval15,random_control,23,-0.04591679573059082,-0.015308856964111328
eval15,random_control,24,-0.03963112831115723,-0.009261369705200195
eval15,random_control,25,-0.04416847229003906,-0.01137995719909668
eval15,random_control,26,-0.03885841369628906,-0.0033392906188964844
eval15,random_control,27,-0.03690767288208008,-0.0027887821197509766
eval15,random_control,28,-0.01613473892211914,0.030724525451660156
eval15,random_control,29,-0.013000011444091797,0.04077410697937012
eval15,random_control,30,-0.05860757827758789,0.015932321548461914
eval15,random_control,31,-0.0771932601928711,0.041580915451049805
eval15,random_control,32,-0.08960437774658203,0.028009891510009766
eval15,random_control,33,-0.0905914306640625,0.008629322052001953
eval15,random_control,34,-0.06343841552734375,0.0032472610473632812
eval15,random_control,35,0.020316123962402344,0.004556179046630859
eval15,random_control,36,0.04433727264404297,0.0252227783203125
eval15,random_control,37,-0.19865131378173828,-0.030655860900878906
eval15,random_control,38,-0.11043739318847656,0.05283641815185547
eval15,random_control,39,-1.50885009765625,0.9293842315673828
eval16,emotion_positive,22,0.6901345252990723,3.268195629119873
eval16,emotion_positive,23,0.6671121120452881,3.1194849610328674
eval16,emotion_positive,24,0.6672775745391846,3.0098116397857666
eval16,emotion_positive,25,0.6727192401885986,2.9681670665740967
eval16,emotion_positive,26,0.6678624153137207,2.9184280037879944
eval16,emotion_positive,27,0.6488394737243652,2.849948227405548
eval16,emotion_positive,28,0.6105465888977051,2.808999717235565
eval16,emotion_positive,29,0.6175065040588379,2.7789788842201233
eval16,emotion_positive,30,0.6427779197692871,2.8031466603279114
eval16,emotion_positive,31,0.6069173812866211,2.776406943798065
eval16,emotion_positive,32,0.5808010101318359,2.8310128450393677
eval16,emotion_positive,33,0.6425752639770508,2.9235976934432983
eval16,emotion_positive,34,0.7547149658203125,3.1272168159484863
eval16,emotion_positive,35,0.8306913375854492,3.133938789367676
eval16,emotion_positive,36,0.8775672912597656,3.172524929046631
eval16,emotion_positive,37,1.0806427001953125,3.3058533668518066
eval16,emotion_positive,38,1.0256080627441406,3.3475613594055176
eval16,emotion_positive,39,10.591575622558594,28.860287189483643
eval16,emotion_orthogonal,22,-0.026655197143554688,3.1088368892669678
eval16,emotion_orthogonal,23,-0.03936123847961426,2.973658859729767
eval16,emotion_orthogonal,24,-0.030535459518432617,2.8698930740356445
eval16,emotion_orthogonal,25,-0.03733706474304199,2.8275091648101807
eval16,emotion_orthogonal,26,-0.03615140914916992,2.776212513446808
eval16,emotion_orthogonal,27,-0.04844856262207031,2.7140119671821594
eval16,emotion_orthogonal,28,-0.08715152740478516,2.6788169741630554
eval16,emotion_orthogonal,29,-0.0775308609008789,2.6535802483558655
eval16,emotion_orthogonal,30,-0.08150386810302734,2.668345272541046
eval16,emotion_orthogonal,31,-0.11252832412719727,2.6513726115226746
eval16,emotion_orthogonal,32,-0.1612405776977539,2.7045942544937134
eval16,emotion_orthogonal,33,-0.1370677947998047,2.7914994955062866
eval16,emotion_orthogonal,34,-0.03205394744873047,2.9819319248199463
eval16,emotion_orthogonal,35,0.013117790222167969,2.97886323928833
eval16,emotion_orthogonal,36,0.050472259521484375,3.0294461250305176
eval16,emotion_orthogonal,37,0.1351909637451172,3.1123604774475098
eval16,emotion_orthogonal,38,0.053473472595214844,3.187134265899658
eval16,emotion_orthogonal,39,2.4997787475585938,27.444448947906494
eval16,emotion_orthogonal_matched,22,-0.02340865135192871,3.184035301208496
eval16,emotion_orthogonal_matched,23,-0.03612709045410156,3.0458088517189026
eval16,emotion_orthogonal_matched,24,-0.02754354476928711,2.939509153366089
eval16,emotion_orthogonal_matched,25,-0.03563356399536133,2.896287441253662
eval16,emotion_orthogonal_matched,26,-0.03428506851196289,2.8440855145454407
eval16,emotion_orthogonal_matched,27,-0.04705238342285156,2.780038893222809
eval16,emotion_orthogonal_matched,28,-0.0863194465637207,2.744322717189789
eval16,emotion_orthogonal_matched,29,-0.07715988159179688,2.718940794467926
eval16,emotion_orthogonal_matched,30,-0.08139896392822266,2.7338984608650208
eval16,emotion_orthogonal_matched,31,-0.11417770385742188,2.7151352763175964
eval16,emotion_orthogonal_matched,32,-0.1652998924255371,2.7702919244766235
eval16,emotion_orthogonal_matched,33,-0.1394648551940918,2.859939455986023
eval16,emotion_orthogonal_matched,34,-0.031045913696289062,3.0570387840270996
eval16,emotion_orthogonal_matched,35,0.015381813049316406,3.0543980598449707
eval16,emotion_orthogonal_matched,36,0.052964210510253906,3.1044812202453613
eval16,emotion_orthogonal_matched,37,0.14078712463378906,3.1895956993103027
eval16,emotion_orthogonal_matched,38,0.05478858947753906,3.2645554542541504
eval16,emotion_orthogonal_matched,39,2.611461639404297,28.157093048095703
eval16,random_control,22,-0.06598186492919922,-0.003649473190307617
eval16,random_control,23,-0.04463815689086914,0.005939602851867676
eval16,random_control,24,-0.04068279266357422,0.020872384309768677
eval16,random_control,25,-0.046886444091796875,0.0021872520446777344
eval16,random_control,26,-0.04080557823181152,-0.0016968846321105957
eval16,random_control,27,-0.036403656005859375,0.010657906532287598
eval16,random_control,28,-0.018445968627929688,0.04006648063659668
eval16,random_control,29,-0.018124103546142578,0.03951150178909302
eval16,random_control,30,-0.059719085693359375,0.034262001514434814
eval16,random_control,31,-0.06476211547851562,0.052287518978118896
eval16,random_control,32,-0.05110740661621094,0.04300558567047119
eval16,random_control,33,-0.06991767883300781,0.03139626979827881
eval16,random_control,34,-0.06329345703125,0.021413743495941162
eval16,random_control,35,0.012340545654296875,0.05001688003540039
eval16,random_control,36,0.037758827209472656,0.05730772018432617
eval16,random_control,37,-0.08983516693115234,0.03374147415161133
eval16,random_control,38,-0.034287452697753906,0.004994392395019531
eval16,random_control,39,0.6165924072265625,1.294076919555664
eval17,emotion_positive,22,0.7041282653808594,3.2557318806648254
eval17,emotion_positive,23,0.7112514972686768,3.14401638507843
eval17,emotion_positive,24,0.7120752334594727,3.0424861311912537
eval17,emotion_positive,25,0.7242670059204102,3.004150152206421
eval17,emotion_positive,26,0.7250924110412598,2.958194851875305
eval17,emotion_positive,27,0.7039566040039062,2.89050829410553
eval17,emotion_positive,28,0.6893374919891357,2.8406315445899963
eval17,emotion_positive,29,0.7023961544036865,2.8212711811065674
eval17,emotion_positive,30,0.7288217544555664,2.8347325325012207
eval17,emotion_positive,31,0.6952486038208008,2.7978254556655884
eval17,emotion_positive,32,0.6873738765716553,2.8572959899902344
eval17,emotion_positive,33,0.7051539421081543,2.906682014465332
eval17,emotion_positive,34,0.7926120758056641,3.063819408416748
eval17,emotion_positive,35,0.8983416557312012,3.0875678062438965
eval17,emotion_positive,36,0.9348859786987305,3.0889625549316406
eval17,emotion_positive,37,1.1535778045654297,3.187345504760742
eval17,emotion_positive,38,1.067347526550293,3.005819320678711
eval17,emotion_positive,39,12.674851417541504,27.131000518798828
eval17,emotion_orthogonal,22,-0.010778665542602539,3.096548855304718
eval17,emotion_orthogonal,23,0.007367849349975586,2.9952417612075806
eval17,emotion_orthogonal,24,0.01667797565460205,2.8950018286705017
eval17,emotion_orthogonal,25,0.01473689079284668,2.850778341293335
eval17,emotion_orthogonal,26,0.021252155303955078,2.804900288581848
eval17,emotion_orthogonal,27,0.005643367767333984,2.7402971982955933
eval17,emotion_orthogonal,28,-0.006123065948486328,2.699031889438629
eval17,emotion_orthogonal,29,0.010173797607421875,2.6821064949035645
eval17,emotion_orthogonal,30,0.013124942779541016,2.6869325637817383
eval17,emotion_orthogonal,31,-0.018138408660888672,2.6552151441574097
eval17,emotion_orthogonal,32,-0.05696749687194824,2.7121782302856445
eval17,emotion_orthogonal,33,-0.06333017349243164,2.753476142883301
eval17,emotion_orthogonal,34,0.014222145080566406,2.898711681365967
eval17,emotion_orthogonal,35,0.09379005432128906,2.911353588104248
eval17,emotion_orthogonal,36,0.12379837036132812,2.928495407104492
eval17,emotion_orthogonal,37,0.2259206771850586,2.9810619354248047
eval17,emotion_orthogonal,38,0.14558124542236328,2.843852996826172
eval17,emotion_orthogonal,39,4.676325798034668,25.645670890808105
eval17,emotion_orthogonal_matched,22,-0.007612943649291992,3.1703370213508606
eval17,emotion_orthogonal_matched,23,0.01135873794555664,3.066933751106262
eval17,emotion_orthogonal_matched,24,0.020726680755615234,2.9641706347465515
eval17,emotion_orthogonal_matched,25,0.017888545989990234,2.919048309326172
eval17,emotion_orthogonal_matched,26,0.024075984954833984,2.872132420539856
eval17,emotion_orthogonal_matched,27,0.008249282836914062,2.8065799474716187
eval17,emotion_orthogonal_matched,28,-0.0033178329467773438,2.7644835114479065
eval17,emotion_orthogonal_matched,29,0.013147115707397461,2.746769905090332
eval17,emotion_orthogonal_matched,30,0.016605854034423828,2.751880168914795
eval17,emotion_orthogonal_matched,31,-0.014667034149169922,2.7198702096939087
eval17,emotion_orthogonal_matched,32,-0.053972482681274414,2.776350498199463
eval17,emotion_orthogonal_matched,33,-0.060948848724365234,2.8191118240356445
eval17,emotion_orthogonal_matched,34,0.01761627197265625,2.9669365882873535
eval17,emotion_orthogonal_matched,35,0.09972524642944336,2.979644298553467
eval17,emotion_orthogonal_matched,36,0.1280069351196289,2.99578857421875
eval17,emotion_orthogonal_matched,37,0.2321929931640625,3.0493059158325195
eval17,emotion_orthogonal_matched,38,0.1461181640625,2.899895668029785
eval17,emotion_orthogonal_matched,39,4.8750810623168945,26.14990997314453
eval17,random_control,22,-0.05440199375152588,0.021099448204040527
eval17,random_control,23,-0.050296783447265625,0.017138183116912842
eval17,random_control,24,-0.041520118713378906,0.014048635959625244
eval17,random_control,25,-0.06251811981201172,-0.006882071495056152
eval17,random_control,26,-0.04834318161010742,-0.03232294321060181
eval17,random_control,27,-0.046889305114746094,-0.020842254161834717
eval17,random_control,28,-0.0296781063079834,-0.006059169769287109
eval17,random_control,29,-0.03271150588989258,-0.007647514343261719
eval17,random_control,30,-0.04863393306732178,-0.012522697448730469
eval17,random_control,31,-0.06731677055358887,0.002135336399078369
eval17,random_control,32,-0.07614541053771973,-0.003412961959838867
eval17,random_control,33,-0.08758187294006348,-0.014260530471801758
eval17,random_control,34,-0.06532478332519531,-0.012900829315185547
eval17,random_control,35,-0.01357889175415039,-0.014545440673828125
eval17,random_control,36,-0.007104396820068359,-0.004780292510986328
eval17,random_control,37,-0.14901256561279297,-0.04246234893798828
eval17,random_control,38,-0.10279560089111328,0.0829019546508789
eval17,random_control,39,-1.9990262985229492,1.32049560546875
eval18,emotion_positive,22,0.6702909469604492,3.15653133392334
eval18,emotion_positive,23,0.6623709201812744,3.009914517402649
eval18,emotion_positive,24,0.6472349166870117,2.880537271499634
eval18,emotion_positive,25,0.6747558116912842,2.8376647233963013
eval18,emotion_positive,26,0.6780571937561035,2.790899395942688
eval18,emotion_positive,27,0.6758737564086914,2.7221317291259766
eval18,emotion_positive,28,0.6295249462127686,2.6623708605766296
eval18,emotion_positive,29,0.6233348846435547,2.610526204109192
eval18,emotion_positive,30,0.6170706748962402,2.5820252895355225
eval18,emotion_positive,31,0.5789229869842529,2.5703094005584717
eval18,emotion_positive,32,0.5974472761154175,2.626824140548706
eval18,emotion_positive,33,0.5923264026641846,2.5826032161712646
eval18,emotion_positive,34,0.6590337753295898,2.737651824951172
eval18,emotion_positive,35,0.7427892684936523,2.7614400386810303
eval18,emotion_positive,36,0.7808456420898438,2.768021583557129
eval18,emotion_positive,37,0.96478271484375,2.7995715141296387
eval18,emotion_positive,38,0.8682737350463867,2.7541756629943848
eval18,emotion_positive,39,9.213924407958984,23.283835411071777
eval18,emotion_orthogonal,22,-0.029744625091552734,3.006110668182373
eval18,emotion_orthogonal,23,-0.023195266723632812,2.872937321662903
eval18,emotion_orthogonal,24,-0.02963411808013916,2.7474234104156494
eval18,emotion_orthogonal,25,-0.017323017120361328,2.70197856426239
eval18,emotion_orthogonal,26,-0.007873296737670898,2.6543325185775757
eval18,emotion_orthogonal,27,-0.001720428466796875,2.587470769882202
eval18,emotion_orthogonal,28,-0.039400577545166016,2.538141906261444
eval18,emotion_orthogonal,29,-0.03997349739074707,2.490336060523987
eval18,emotion_orthogonal,30,-0.06183218955993652,2.4590022563934326
eval18,emotion_orthogonal,31,-0.09551548957824707,2.4519083499908447
eval18,emotion_orthogonal,32,-0.10571014881134033,2.506159543991089
eval18,emotion_orthogonal,33,-0.13661324977874756,2.46244215965271
eval18,emotion_orthogonal,34,-0.08031558990478516,2.6106300354003906
eval18,emotion_orthogonal,35,-0.03669881820678711,2.6271398067474365
eval18,emotion_orthogonal,36,-0.010867595672607422,2.635282516479492
eval18,emotion_orthogonal,37,0.048610687255859375,2.6266026496887207
eval18,emotion_orthogonal,38,-0.054396629333496094,2.6042046546936035
eval18,emotion_orthogonal,39,1.9022254943847656,21.966989517211914
eval18,emotion_orthogonal_matched,22,-0.02690911293029785,3.0775256156921387
eval18,emotion_orthogonal_matched,23,-0.02027106285095215,2.9413715600967407
eval18,emotion_orthogonal_matched,24,-0.026701688766479492,2.8128631114959717
eval18,emotion_orthogonal_matched,25,-0.014400959014892578,2.766975522041321
eval18,emotion_orthogonal_matched,26,-0.0046100616455078125,2.718612551689148
eval18,emotion_orthogonal_matched,27,0.0023097991943359375,2.650563955307007
eval18,emotion_orthogonal_matched,28,-0.036225080490112305,2.599970042705536
eval18,emotion_orthogonal_matched,29,-0.03656578063964844,2.5512079000473022
eval18,emotion_orthogonal_matched,30,-0.059920549392700195,2.518960475921631
eval18,emotion_orthogonal_matched,31,-0.09585177898406982,2.5110743045806885
eval18,emotion_orthogonal_matched,32,-0.10486280918121338,2.566246747970581
eval18,emotion_orthogonal_matched,33,-0.13636326789855957,2.5209596157073975
eval18,emotion_orthogonal_matched,34,-0.07893657684326172,2.6734495162963867
eval18,emotion_orthogonal_matched,35,-0.03550386428833008,2.6905839443206787
eval18,emotion_orthogonal_matched,36,-0.010707378387451172,2.6988868713378906
eval18,emotion_orthogonal_matched,37,0.045650482177734375,2.6893811225891113
eval18,emotion_orthogonal_matched,38,-0.06546211242675781,2.651099681854248
eval18,emotion_orthogonal_matched,39,1.9139823913574219,22.374713897705078
eval18,random_control,22,-0.05611145496368408,0.01240074634552002
eval18,random_control,23,-0.06322360038757324,0.014172196388244629
eval18,random_control,24,-0.05298972129821777,0.020144939422607422
eval18,random_control,25,-0.0630941390991211,-0.0028628110885620117
eval18,random_control,26,-0.06919217109680176,-0.0208359956741333
eval18,random_control,27,-0.07417774200439453,-0.032841503620147705
eval18,random_control,28,-0.06677603721618652,-0.013648390769958496
eval18,random_control,29,-0.05930900573730469,-0.02015554904937744
eval18,random_control,30,-0.0642244815826416,-0.03462088108062744
eval18,random_control,31,-0.08236026763916016,-0.006583452224731445
eval18,random_control,32,-0.05774092674255371,-0.02130270004272461
eval18,random_control,33,-0.05850720405578613,-0.0464015007019043
eval18,random_control,34,-0.05519866943359375,-0.051264047622680664
eval18,random_control,35,-0.002826213836669922,-0.04165482521057129
eval18,random_control,36,-0.018497467041015625,-0.05930519104003906
eval18,random_control,37,-0.1589651107788086,-0.08715677261352539
eval18,random_control,38,-0.1634969711303711,-0.054941654205322266
eval18,random_control,39,-0.7413063049316406,-0.30924415588378906
eval19,emotion_positive,22,0.7166774272918701,3.219766139984131
eval19,emotion_positive,23,0.6893720626831055,3.077232599258423
eval19,emotion_positive,24,0.6948273181915283,2.969125509262085
eval19,emotion_positive,25,0.7037320137023926,2.9118926525115967
eval19,emotion_positive,26,0.7049975395202637,2.853215456008911
eval19,emotion_positive,27,0.7154808044433594,2.7887558937072754
eval19,emotion_positive,28,0.6665167808532715,2.7210395336151123
eval19,emotion_positive,29,0.6693563461303711,2.6781792640686035
eval19,emotion_positive,30,0.6807022094726562,2.6724419593811035
eval19,emotion_positive,31,0.6512603759765625,2.6558949947357178
eval19,emotion_positive,32,0.6353206634521484,2.697504758834839
eval19,emotion_positive,33,0.6720905303955078,2.694533348083496
eval19,emotion_positive,34,0.7167177200317383,2.850836753845215
eval19,emotion_positive,35,0.8214521408081055,2.8237295150756836
eval19,emotion_positive,36,0.8399591445922852,2.8505725860595703
eval19,emotion_positive,37,1.0086746215820312,2.9160690307617188
eval19,emotion_positive,38,1.0163536071777344,2.8445749282836914
eval19,emotion_positive,39,11.328472137451172,25.203754425048828
eval19,emotion_orthogonal,22,0.003289461135864258,3.06021785736084
eval19,emotion_orthogonal,23,-0.01117706298828125,2.930765390396118
eval19,emotion_orthogonal,24,-0.002480745315551758,2.8221676349639893
eval19,emotion_orthogonal,25,-0.004911899566650391,2.7598564624786377
eval19,emotion_orthogonal,26,0.000797271728515625,2.701425313949585
eval19,emotion_orthogonal,27,0.013283729553222656,2.6406965255737305
eval19,emotion_orthogonal,28,-0.029954910278320312,2.585418939590454
eval19,emotion_orthogonal,29,-0.024790287017822266,2.5412650108337402
eval19,emotion_orthogonal,30,-0.034407854080200195,2.529489040374756
eval19,emotion_orthogonal,31,-0.06276464462280273,2.520369291305542
eval19,emotion_orthogonal,32,-0.09652829170227051,2.5623247623443604
eval19,emotion_orthogonal,33,-0.10180854797363281,2.5549025535583496
eval19,emotion_orthogonal,34,-0.06800270080566406,2.694077968597412
eval19,emotion_orthogonal,35,0.005925178527832031,2.6530942916870117
eval19,emotion_orthogonal,36,0.009387016296386719,2.684926986694336
eval19,emotion_orthogonal,37,0.050530433654785156,2.7132186889648438
eval19,emotion_orthogonal,38,0.02879047393798828,2.6567373275756836
eval19,emotion_orthogonal,39,3.0960044860839844,23.36968994140625
eval19,emotion_orthogonal_matched,22,0.006728410720825195,3.1331982612609863
eval19,emotion_orthogonal_matched,23,-0.008273601531982422,3.0004966259002686
eval19,emotion_orthogonal_matched,24,0.0005877017974853516,2.8892152309417725
eval19,emotion_orthogonal_matched,25,-0.0020475387573242188,2.8258626461029053
eval19,emotion_orthogonal_matched,26,0.003509044647216797,2.765878438949585
eval19,emotion_orthogonal_matched,27,0.016153812408447266,2.7038826942443848
eval19,emotion_orthogonal_matched,28,-0.027796268463134766,2.647465467453003
eval19,emotion_orthogonal_matched,29,-0.023151397705078125,2.602013111114502
eval19,emotion_orthogonal_matched,30,-0.03247380256652832,2.589958667755127
eval19,emotion_orthogonal_matched,31,-0.061800479888916016,2.5795199871063232
eval19,emotion_orthogonal_matched,32,-0.09584164619445801,2.6223671436309814
eval19,emotion_orthogonal_matched,33,-0.09974074363708496,2.6149563789367676
eval19,emotion_orthogonal_matched,34,-0.06442499160766602,2.756744384765625
eval19,emotion_orthogonal_matched,35,0.008769989013671875,2.712660312652588
eval19,emotion_orthogonal_matched,36,0.011335372924804688,2.7461585998535156
eval19,emotion_orthogonal_matched,37,0.050907135009765625,2.778318405151367
eval19,emotion_orthogonal_matched,38,0.031015396118164062,2.7201919555664062
eval19,emotion_orthogonal_matched,39,3.2049293518066406,23.94632339477539
eval19,random_control,22,-0.06205248832702637,0.02566838264465332
eval19,random_control,23,-0.04370999336242676,0.009718179702758789
eval19,random_control,24,-0.030553579330444336,0.021142244338989258
eval19,random_control,25,-0.018260478973388672,0.003279447555541992
eval19,random_control,26,-0.01656198501586914,-0.02426433563232422
eval19,random_control,27,-0.0310516357421875,-0.019440770149230957
eval19,random_control,28,-0.013506889343261719,0.0026437044143676758
eval19,random_control,29,-0.010365009307861328,0.0050847530364990234
eval19,random_control,30,-0.02433180809020996,-0.0025844573974609375
eval19,random_control,31,-0.05945730209350586,0.023970842361450195
eval19,random_control,32,-0.06189370155334473,0.026345491409301758
eval19,random_control,33,-0.06284618377685547,0.021425724029541016
eval19,random_control,34,-0.018358230590820312,0.009204387664794922
eval19,random_control,35,0.05815410614013672,0.013408184051513672
eval19,random_control,36,0.060294151306152344,0.01713085174560547
eval19,random_control,37,-0.11519336700439453,-0.015267372131347656
eval19,random_control,38,-0.07747364044189453,0.04305839538574219
eval19,random_control,39,-0.6740913391113281,0.9064388275146484
eval20,emotion_positive,22,0.6600693464279175,3.1714099049568176
eval20,emotion_positive,23,0.6320126056671143,2.981935441493988
eval20,emotion_positive,24,0.6297491788864136,2.875379592180252
eval20,emotion_positive,25,0.6423546075820923,2.7996328473091125
eval20,emotion_positive,26,0.6197447776794434,2.7201609015464783
eval20,emotion_positive,27,0.5952205657958984,2.6424386501312256
eval20,emotion_positive,28,0.5659940242767334,2.5928215980529785
eval20,emotion_positive,29,0.5613076686859131,2.5451958775520325
eval20,emotion_positive,30,0.5456041693687439,2.5439728498458862
eval20,emotion_positive,31,0.517094075679779,2.514794409275055
eval20,emotion_positive,32,0.5224025845527649,2.5858460664749146
eval20,emotion_positive,33,0.507500410079956,2.635715126991272
eval20,emotion_positive,34,0.5573699474334717,2.7324241995811462
eval20,emotion_positive,35,0.6310410499572754,2.73157799243927
eval20,emotion_positive,36,0.6510686874389648,2.6969261169433594
eval20,emotion_positive,37,0.8063583374023438,2.7376298904418945
eval20,emotion_positive,38,0.7913188934326172,2.894207000732422
eval20,emotion_positive,39,6.851367950439453,26.56475806236267
eval20,emotion_orthogonal,22,-0.028391122817993164,3.026995003223419
eval20,emotion_orthogonal,23,-0.034475088119506836,2.8516570925712585
eval20,emotion_orthogonal,24,-0.024620890617370605,2.7486429512500763
eval20,emotion_orthogonal,25,-0.008981823921203613,2.668443977832794
eval20,emotion_orthogonal,26,-0.01908695697784424,2.589380919933319
eval20,emotion_orthogonal,27,-0.036429405212402344,2.510390520095825
eval20,emotion_orthogonal,28,-0.06250870227813721,2.471614122390747
eval20,emotion_orthogonal,29,-0.06105828285217285,2.426164209842682
eval20,emotion_orthogonal,30,-0.09109240770339966,2.415477156639099
eval20,emotion_orthogonal,31,-0.11309212446212769,2.3901081681251526
eval20,emotion_orthogonal,32,-0.13357973098754883,2.454868197441101
eval20,emotion_orthogonal,33,-0.17726242542266846,2.487371325492859
eval20,emotion_orthogonal,34,-0.12235069274902344,2.5781678557395935
eval20,emotion_orthogonal,35,-0.08359122276306152,2.5611308813095093
eval20,emotion_orthogonal,36,-0.07417678833007812,2.53334903717041
eval20,emotion_orthogonal,37,-0.024689674377441406,2.5330371856689453
eval20,emotion_orthogonal,38,-0.03276634216308594,2.669797420501709
eval20,emotion_orthogonal,39,0.1730060577392578,24.640494346618652
eval20,emotion_orthogonal_matched,22,-0.025609254837036133,3.099377930164337
eval20,emotion_orthogonal_matched,23,-0.03161215782165527,2.920085608959198
eval20,emotion_orthogonal_matched,24,-0.021617770195007324,2.8144767582416534
eval20,emotion_orthogonal_matched,25,-0.005615234375,2.7329986691474915
eval20,emotion_orthogonal_matched,26,-0.015700995922088623,2.6523603796958923
eval20,emotion_orthogonal_matched,27,-0.032456159591674805,2.5723440647125244
eval20,emotion_orthogonal_matched,28,-0.059946537017822266,2.5328612327575684
eval20,emotion_orthogonal_matched,29,-0.05859041213989258,2.4861488938331604
eval20,emotion_orthogonal_matched,30,-0.09021276235580444,2.4748305082321167
eval20,emotion_orthogonal_matched,31,-0.11357313394546509,2.4490161538124084
eval20,emotion_orthogonal_matched,32,-0.134865403175354,2.514691472053528
eval20,emotion_orthogonal_matched,33,-0.17900562286376953,2.549352765083313
eval20,emotion_orthogonal_matched,34,-0.12315678596496582,2.645221173763275
eval20,emotion_orthogonal_matched,35,-0.08057403564453125,2.6268213987350464
eval20,emotion_orthogonal_matched,36,-0.07166337966918945,2.5990123748779297
eval20,emotion_orthogonal_matched,37,-0.016824722290039062,2.601055145263672
eval20,emotion_orthogonal_matched,38,-0.030420303344726562,2.744804859161377
eval20,emotion_orthogonal_matched,39,0.2624835968017578,25.289268493652344
eval20,random_control,22,-0.043076515197753906,0.016701698303222656
eval20,random_control,23,-0.03210127353668213,-0.011539578437805176
eval20,random_control,24,-0.030770063400268555,-0.024529874324798584
eval20,random_control,25,-0.05301433801651001,-0.044379353523254395
eval20,random_control,26,-0.03305405378341675,-0.05017825961112976
eval20,random_control,27,-0.037485599517822266,-0.028034478425979614
eval20,random_control,28,-0.03818678855895996,-0.039613932371139526
eval20,random_control,29,-0.03695642948150635,-0.05809837579727173
eval20,random_control,30,-0.040722429752349854,-0.06156641244888306
eval20,random_control,31,-0.05126219987869263,-0.041833341121673584
eval20,random_control,32,-0.04436135292053223,-0.04764246940612793
eval20,random_control,33,-0.07084083557128906,-0.04157257080078125
eval20,random_control,34,-0.011324167251586914,-0.051448285579681396
eval20,random_control,35,0.07090950012207031,-0.025719046592712402
eval20,random_control,36,0.08741235733032227,-0.008337736129760742
eval20,random_control,37,-0.09058189392089844,-0.09836196899414062
eval20,random_control,38,-0.043609619140625,-0.07180118560791016
eval20,random_control,39,-1.9287338256835938,0.14568138122558594
