emotion,layer,overlap_cosine,parallel_fraction,full_sycophancy,orthogonal_sycophancy,full_emotion,orthogonal_emotion,sycophancy_reduction,emotion_preservation
empathetic,20,0.12643233,0.01598514,1.8941880881786346,0.09696021676063538,13.360602235794067,13.182241916656494,1.7972278714179992,0.9866502784837249
empathetic,21,0.12643233,0.01598514,2.253558021783829,0.3208038486540318,13.217927026748658,12.97395396232605,1.9327541731297972,0.9815422596955719
empathetic,22,0.12643233,0.01598514,2.1106119036674498,0.11319826245307922,13.275589847564698,13.045603466033935,1.9974136412143706,0.982675995253578
empathetic,23,0.12643233,0.01598514,2.2232007503509523,0.009036475047469138,13.382881832122802,13.137758922576904,2.2141642753034834,0.9816838471249494
empathetic,24,0.12643233,0.01598514,2.4905643582344057,0.10303759649395942,14.037315082550048,13.787849569320679,2.387526761740446,0.9822284025283807
empathetic,25,0.12643233,0.01598514,2.6853967666625977,0.06439517103135586,14.443981456756593,14.144006395339966,2.621001595631242,0.9792318300660581
empathetic,26,0.12643233,0.01598514,2.6325276106595994,-0.11130371615290642,14.774808931350709,14.486952590942384,2.521223894506693,0.9805170854157361
empathetic,27,0.12643233,0.01598514,3.7746510207653046,0.1769214689731598,14.595174169540405,14.23627429008484,3.5977295517921446,0.9754096884842541
exuberant,20,0.11942009,0.0142611535,1.2869196712970734,0.1362305298447609,8.9902512550354,8.876842403411866,1.1506891414523126,0.987385352377108
exuberant,21,0.11942009,0.0142611535,1.3297916769981384,0.09737871438264847,8.649891567230224,8.566322708129883,1.2324129626154898,0.990338739110102
exuberant,22,0.11942009,0.0142611535,1.453058558702469,0.1747083142399788,8.596669816970826,8.51103253364563,1.2783502444624901,0.9900383188899335
exuberant,23,0.11942009,0.0142611535,1.7977813839912415,0.36579981446266174,8.458790016174316,8.35640230178833,1.4319815695285798,0.9878957020814789
exuberant,24,0.11942009,0.0142611535,2.0340616703033447,0.4815728522837162,8.721876049041748,8.587514853477478,1.5524888180196286,0.9845949203120087
exuberant,25,0.11942009,0.0142611535,2.149112182855606,0.4431036256253719,9.040512466430664,8.901874327659607,1.706008557230234,0.9846647920363087
exuberant,26,0.11942009,0.0142611535,2.3022551417350767,0.5191877588629723,9.404205942153931,9.24251093864441,1.7830673828721044,0.982806097133121
exuberant,27,0.11942009,0.0142611535,4.1146557331085205,1.7557490020990372,9.933997702598571,9.452120518684387,2.3589067310094833,0.9514921184461184
invigorated,20,0.066180095,0.004379803,0.818267571926117,0.13212638050317765,9.933722305297852,9.888093376159668,0.6861411914229394,0.9954066635108323
invigorated,21,0.066180095,0.004379803,1.0250698179006577,0.2934470072388649,9.7374032497406,9.683368921279907,0.7316228106617928,0.9944508482318289
invigorated,22,0.066180095,0.004379803,0.9857841730117798,0.2281046539545059,9.839273166656493,9.787557935714721,0.7576795190572738,0.9947439988639583
invigorated,23,0.066180095,0.004379803,1.021677029132843,0.17391011416912078,10.001561164855957,9.940052223205566,0.8477669149637221,0.9938500659410527
invigorated,24,0.066180095,0.004379803,0.8690791234374047,-0.050464995205402374,10.506845664978027,10.449599361419677,0.8186141282320023,0.994551523322631
invigorated,25,0.066180095,0.004379803,0.9153031036257744,-0.09601536840200424,11.073272562026977,11.007638120651245,0.8192877352237702,0.9940727150886894
invigorated,26,0.066180095,0.004379803,1.0981031000614165,0.04673427790403366,11.802503633499146,11.721791076660157,1.051368822157383,0.9931614037711539
invigorated,27,0.066180095,0.004379803,4.100694835186005,2.735271543264389,13.141308498382568,12.851159811019897,1.3654232919216156,0.9779208678193362
cheerful,20,0.23808473,0.056684315,2.8883101463317873,0.19482259452342987,10.628583097457886,10.194308614730835,2.6934875518083574,0.9591408865372733
cheerful,21,0.23808473,0.056684315,3.032839095592499,0.1375763386487961,10.207145547866821,9.758762168884278,2.8952627569437026,0.95607161895754
cheerful,22,0.23808473,0.056684315,3.2044370770454407,0.2006309822201729,10.223030185699463,9.819304943084717,3.0038060948252676,0.9605082607327621
cheerful,23,0.23808473,0.056684315,3.6905065059661863,0.3611470654606819,10.36138563156128,9.864610147476196,3.3293594405055043,0.9520551109909584
cheerful,24,0.23808473,0.056684315,4.068195033073425,0.46854332387447356,10.536805200576783,9.99618582725525,3.5996517091989517,0.9486922873650602
cheerful,25,0.23808473,0.056684315,4.2968070149421695,0.33281087726354597,10.760452938079833,10.190928602218628,3.9639961376786235,0.9470724569738386
cheerful,26,0.23808473,0.056684315,4.332455360889435,0.15673640221357346,11.522201871871948,10.967176675796509,4.175718958675862,0.9518299364785155
cheerful,27,0.23808473,0.056684315,6.093768155574798,0.4962369441986084,13.715552377700806,12.407563257217408,5.5975312113761895,0.9046346013296577
joyful,20,0.033130758,0.0010976482,1.614286631345749,0.8726961374282837,20.27663097381592,20.18886318206787,0.7415904939174652,0.9956714805402639
joyful,21,0.033130758,0.0010976482,1.3135060310363769,0.5204670459032059,17.983697605133056,17.909101676940917,0.793038985133171,0.9958520249934114
joyful,22,0.033130758,0.0010976482,2.023625189065933,1.195452630519867,16.066629886627197,15.97847146987915,0.8281725585460662,0.9945129490521578
joyful,23,0.033130758,0.0010976482,2.569504809379578,1.6282272219657898,15.67894721031189,15.576632118225097,0.941277587413788,0.9934743646550771
joyful,24,0.033130758,0.0010976482,3.0118236899375916,1.9862529516220093,16.171499300003052,16.036998510360718,1.0255707383155823,0.9916828497378527
joyful,25,0.033130758,0.0010976482,3.4030075907707213,2.2631298184394835,16.134055423736573,15.995683526992797,1.1398777723312379,0.991423613399753
joyful,26,0.033130758,0.0010976482,4.525227892398834,3.303457075357437,16.21091232299805,16.04754419326782,1.221770817041397,0.989922335863944
joyful,27,0.033130758,0.0010976482,9.63790340423584,7.864765167236328,20.869429874420167,20.14821252822876,1.773138236999511,0.9654414447097375
happy,20,0.04642079,0.002154891,1.403799831867218,0.5915551081299781,15.328585863113403,15.269163131713867,0.8122447237372399,0.9961234042115698
happy,21,0.04642079,0.002154891,1.3497430026531219,0.4778094246983528,13.526356267929078,13.471856689453125,0.871933577954769,0.995970860341364
happy,22,0.04642079,0.002154891,2.0834627985954284,1.1779655039310455,12.267009067535401,12.188586282730103,0.9054972946643829,0.9936070166432954
happy,23,0.04642079,0.002154891,2.528562533855438,1.5165396630764008,11.951711797714234,11.83169322013855,1.0120228707790373,0.9899580428638987
happy,24,0.04642079,0.002154891,2.8478092670440676,1.7610034704208375,12.435375308990478,12.268868923187256,1.08680579662323,0.986610264534369
happy,25,0.04642079,0.002154891,3.0721075773239135,1.8693326741456986,12.504334592819214,12.318053913116454,1.202774903178215,0.9851027115181535
happy,26,0.04642079,0.002154891,4.465449464321137,3.1902679920196535,13.147003698349,12.898037672042847,1.2751814723014832,0.9810629074108028
happy,27,0.04642079,0.002154891,11.780927801132203,9.972673583030701,17.76454014778137,16.926505279541015,1.808254218101501,0.9528254116757974
optimistic,20,0.06726612,0.004524728,1.6556799769401551,0.35574487745761874,17.81099796295166,17.695598888397218,1.2999350994825365,0.993520909115004
optimistic,21,0.06726612,0.004524728,1.5546172320842744,0.15615421310067176,15.992098999023437,15.864465761184693,1.3984630189836027,0.9920189815078972
optimistic,22,0.06726612,0.004524728,2.3798781871795653,0.9342776030302048,14.7860764503479,14.597820472717284,1.4456005841493607,0.9872680235177476
optimistic,23,0.06726612,0.004524728,3.029433345794678,1.395386192202568,14.723285007476807,14.456980657577514,1.6340471535921097,0.9819127083552306
optimistic,24,0.06726612,0.004524728,3.3874372124671934,1.611560159921646,15.377306795120239,15.048198461532593,1.7758770525455474,0.9785977910194207
optimistic,25,0.06726612,0.004524728,3.407699429988861,1.4490483373403549,15.531168031692506,15.178704261779785,1.9586510926485061,0.977306035889027
optimistic,26,0.06726612,0.004524728,4.098783111572265,2.023378241062164,16.117037296295166,15.745313119888305,2.075404870510101,0.9769359486130674
optimistic,27,0.06726612,0.004524728,6.220337235927582,3.399319040775299,17.051272344589233,16.198205041885377,2.8210181951522832,0.94997046053431
delighted,20,0.2034908,0.04140848,4.180374872684479,0.8102217048406601,15.578087520599365,15.030018281936645,3.370153167843819,0.9648179381494685
delighted,21,0.2034908,0.04140848,4.646379733085633,1.023857417702675,14.853691148757935,14.204007387161255,3.622522315382958,0.9562611235759397
delighted,22,0.2034908,0.04140848,4.691324925422668,0.9583104610443115,14.8787926197052,14.23773546218872,3.7330144643783565,0.956914705789536
delighted,23,0.2034908,0.04140848,5.624102854728699,1.4912757277488708,15.114015102386475,14.259209775924683,4.132827126979828,0.943442869371831
delighted,24,0.2034908,0.04140848,5.997572994232177,1.545338985323906,15.905090856552125,14.982955503463746,4.452234008908271,0.9420226290182742
delighted,25,0.2034908,0.04140848,6.870158004760742,1.987452858686447,16.40278630256653,15.37645001411438,4.882705146074295,0.9374291495651833
delighted,26,0.2034908,0.04140848,7.263052964210511,2.146163064241409,17.392367792129516,16.369510984420778,5.1168898999691015,0.9411893297144046
delighted,27,0.2034908,0.04140848,12.384256172180176,5.57810788154602,19.644746780395508,17.313715505599976,6.806148290634156,0.8813407319089607
thankful,20,-0.029749379,0.00088502554,-0.270966674387455,0.15909531861543655,13.740164279937744,13.748517560958863,0.11187135577201843,1.0006079462261828
thankful,21,-0.029749379,0.00088502554,-0.4857030726969242,-0.024059314280748367,12.815677547454834,12.816724061965942,0.46164375841617583,1.0000816589296377
thankful,22,-0.029749379,0.00088502554,-0.23888184316456318,0.23821529150009155,12.289040756225585,12.295730352401733,0.0006665516644716318,1.0005443546252997
thankful,23,-0.029749379,0.00088502554,-0.33652408346533774,0.19768223986029626,12.157610654830933,12.159950971603394,0.13884184360504148,1.0001924980852657
thankful,24,-0.029749379,0.00088502554,0.021444792672991753,0.6013825260102749,12.790502643585205,12.801498174667358,-0.5799377333372832,1.0008596637199139
thankful,25,-0.029749379,0.00088502554,-0.16463485918939114,0.4716116517782211,12.828435754776,12.84226098060608,-0.30697679258883,1.001077701607145
thankful,26,-0.029749379,0.00088502554,0.23609198182821273,0.9048156149685382,13.068577909469605,13.084114027023315,-0.6687236331403255,1.0011888147020536
thankful,27,-0.029749379,0.00088502554,-1.409400260448456,-0.5161406330764293,14.142284870147705,13.998539972305299,0.8932596273720266,0.9898358080633893
inspired,20,0.18660511,0.034821477,2.4078423380851746,-0.1646297439932823,12.78349952697754,12.505791664123535,2.2432125940918923,0.9782760689068009
inspired,21,0.18660511,0.034821477,2.616142380237579,-0.15255708992481232,12.799162340164184,12.488779211044312,2.463585290312767,0.9757497310471733
inspired,22,0.18660511,0.034821477,2.674024832248688,-0.1929285854101181,12.740837097167969,12.434013652801514,2.48109624683857,0.9759181094596481
inspired,23,0.18660511,0.034821477,2.79739271402359,-0.3805251091718674,12.87044186592102,12.514888906478882,2.4168676048517224,0.9723744558931121
inspired,24,0.18660511,0.034821477,3.187733566761017,-0.24915369004011154,13.583103036880493,13.208273887634277,2.9385798767209055,0.9724047481471289
inspired,25,0.18660511,0.034821477,3.5598565220832823,-0.21362699419260026,14.094945287704467,13.623121070861817,3.346229527890682,0.9665252892287394
inspired,26,0.18660511,0.034821477,3.826585614681244,-0.12927280068397523,14.89278712272644,14.348968172073365,3.6973128139972684,0.9634844071716296
inspired,27,0.18660511,0.034821477,8.683537983894348,3.3513493299484254,16.95577278137207,14.54060959815979,5.332188653945924,0.8575610080204883
afraid,20,0.010147585,0.000102973594,0.054387938044965264,-0.04468702655285597,8.707834243774414,8.708703088760377,0.009700911492109297,1.000099777391443
afraid,21,0.010147585,0.000102973594,0.05340304477140308,-0.05251854658126831,8.414603805541992,8.414050102233887,0.0008844981901347665,0.9999341973406115
afraid,22,0.010147585,0.000102973594,-0.007849649339914323,-0.11644700150936842,8.243988537788391,8.243417286872864,-0.1085973521694541,0.9999307069735833
afraid,23,0.010147585,0.000102973594,5.7337060570716855e-05,-0.12259898195043206,8.180038452148438,8.181118702888488,-0.12254164488986134,1.000132059371893
afraid,24,0.010147585,0.000102973594,0.1250993235036731,-0.008003038167953492,8.502356171607971,8.502824139595031,0.1170962853357196,1.0000550398004524
afraid,25,0.010147585,0.000102973594,0.06369004417210818,-0.08356291707605124,8.776843237876893,8.77952208518982,-0.01987287290394306,1.0003052176323906
afraid,26,0.010147585,0.000102973594,-0.11939276829361915,-0.2767082009464502,9.326453828811646,9.329433679580688,-0.15731543265283104,1.0003195052292906
afraid,27,0.010147585,0.000102973594,-2.1857046097517014,-2.383960562944412,9.542274332046508,9.580407238006591,-0.1982559531927106,1.0039962072597324
depressed,20,-0.08622116,0.0074340845,-0.9267121374607086,-0.09524898771196603,9.242051315307616,9.206505250930785,0.8314631497487426,0.9961538771898013
depressed,21,-0.08622116,0.0074340845,-1.0443230599164963,-0.15550688216462732,9.048624658584595,8.998364067077636,0.888816177751869,0.9944454993545041
depressed,22,-0.08622116,0.0074340845,-1.1217202216386795,-0.2078829687088728,9.117426824569701,9.07055859565735,0.9138372529298067,0.9948594894355444
depressed,23,-0.08622116,0.0074340845,-1.4857867002487182,-0.4634909316897392,9.166549158096313,9.086707878112794,1.0222957685589789,0.9912899305282185
depressed,24,-0.08622116,0.0074340845,-1.544283539056778,-0.4294664978981018,9.692571306228638,9.617195844650269,1.1148170411586762,0.9922233781731447
depressed,25,-0.08622116,0.0074340845,-1.6719441056251525,-0.45125951506197454,9.901353216171264,9.826895713806152,1.220684590563178,0.9924800680533743
depressed,26,-0.08622116,0.0074340845,-1.8677679240703582,-0.5941287219524384,10.339385414123536,10.280883502960204,1.27363920211792,0.9943418386277179
depressed,27,-0.08622116,0.0074340845,-1.4196528553962708,0.26811893880367277,10.996029233932495,11.087158679962158,1.151533916592598,1.008287486700058
horrified,20,0.0586291,0.0034373673,0.47763862162828447,-0.2407470867037773,11.187552881240844,11.18993182182312,0.23689153492450715,1.0002126417284931
horrified,21,0.0586291,0.0034373673,0.7265452355146408,-0.0413508802652359,9.606361722946167,9.591220235824585,0.6851943552494049,0.9984238062694002
horrified,22,0.0586291,0.0034373673,0.4055982127785683,-0.3865066200494766,8.438760089874268,8.432855987548828,0.019091592729091666,0.9993003590263783
horrified,23,0.0586291,0.0034373673,0.2611118532717228,-0.6267683528363704,7.978444004058838,7.976666712760926,-0.36565649956464763,0.9997772383566259
horrified,24,0.0586291,0.0034373673,0.14105533733963965,-0.822512598335743,7.639486908912659,7.667790055274963,-0.6814572609961034,1.0037048491213834
horrified,25,0.0586291,0.0034373673,0.23422218933701516,-0.818175733089447,7.6312705993652346,7.668500757217407,-0.5839535437524319,1.0048786315944909
horrified,26,0.0586291,0.0034373673,-0.2673252284526825,-1.3658881425857543,7.316480565071106,7.3384709596633915,-1.0985629141330717,1.0030055973492593
horrified,27,0.0586291,0.0034373673,-1.9012228429317475,-3.3391415894031526,6.6845008611679075,6.910073518753052,-1.4379187464714052,1.0337456247325147
disgusted,20,-0.022107346,0.00048873405,-0.36754105538129805,-0.1331489861011505,9.781895017623901,9.776566171646119,0.23439206928014755,0.9994552337795303
disgusted,21,-0.022107346,0.00048873405,-0.3047885462641716,-0.054724955931305885,8.774293231964112,8.77586841583252,0.25006359033286574,1.0001795225925056
disgusted,22,-0.022107346,0.00048873405,-0.3867423564195633,-0.12835131883621215,8.40026569366455,8.40838556289673,0.25839103758335114,1.0009666205246701
disgusted,23,-0.022107346,0.00048873405,-0.5006214529275894,-0.211798107996583,8.211887907981872,8.217547821998597,0.2888233449310064,1.0006892342029199
disgusted,24,-0.022107346,0.00048873405,-0.47308912724256513,-0.16077389884740115,8.282415986061096,8.28855721950531,0.312315228395164,1.0007414785075455
disgusted,25,-0.022107346,0.00048873405,-0.876863208413124,-0.5354391030967236,8.334882426261903,8.334723162651063,0.34142410531640044,0.9999808919187224
disgusted,26,-0.022107346,0.00048873405,-1.3509518504142761,-0.9911084979772568,8.43904218673706,8.439042544364929,0.35984335243701937,1.0000000423777795
disgusted,27,-0.022107346,0.00048873405,-3.7957944512367248,-3.3275094389915467,7.378275370597839,7.348743581771851,0.46828501224517805,0.9959974672477431
furious,20,-0.07242821,0.0052458453,-1.1544528633356095,0.44107574224472046,19.9681245803833,19.93706350326538,0.713377121090889,0.9984444669807182
furious,21,-0.07242821,0.0052458453,-1.299588817358017,0.41046481654047967,17.783381462097168,17.753853702545165,0.8891240008175374,0.9983395868994355
furious,22,-0.07242821,0.0052458453,-1.1143754482269288,0.650073753297329,15.751182699203492,15.729079151153565,0.46430169492959983,0.9985967055000229
furious,23,-0.07242821,0.0052458453,-0.7327331855893136,1.2651996254920959,15.071041584014893,15.057753133773804,-0.5324664399027823,0.9991182792398913
furious,24,-0.07242821,0.0052458453,-0.8796356737613678,1.2735626220703125,15.159118509292602,15.149076700210571,-0.3939269483089447,0.9993375730207614
furious,25,-0.07242821,0.0052458453,-0.7401408433914185,1.6422013282775878,15.63273844718933,15.614016342163087,-0.9020604848861693,0.9988023784131301
furious,26,-0.07242821,0.0052458453,-0.2862864598631859,2.2549634993076326,14.879094362258911,14.797312259674072,-1.9686770394444468,0.9945035564266411
furious,27,-0.07242821,0.0052458453,-1.2076503872871398,2.3498885929584503,10.511433720588684,9.766657161712647,-1.1422382056713105,0.929146053842565
hurt,20,0.00070727244,5.002461e-07,-0.28812894523143767,-0.29686020463705065,12.004093170166016,12.003903150558472,-0.008731259405612979,0.999984170432131
hurt,21,0.00070727244,5.002461e-07,-0.2973877817392349,-0.3056157365441322,10.728580856323243,10.728774309158325,-0.008227954804897297,1.0000180315400213
hurt,22,0.00070727244,5.002461e-07,-0.9473732799291611,-0.9557830631732941,9.892718601226807,9.894301652908325,-0.008409783244132996,1.0001600219055378
hurt,23,0.00070727244,5.002461e-07,-1.1915999621152877,-1.1999543190002442,9.955692672729493,9.958830738067627,-0.008354356884956449,1.0003152031145688
hurt,24,0.00070727244,5.002461e-07,-1.4971128523349762,-1.5071691930294038,10.319355392456055,10.321144819259644,-0.010056340694427623,1.0001734049013271
hurt,25,0.00070727244,5.002461e-07,-1.5530480951070786,-1.5646109461784363,10.386854124069213,10.389327049255371,-0.011562851071357683,1.0002380822101302
hurt,26,0.00070727244,5.002461e-07,-2.3224071681499483,-2.3338632941246034,10.628984069824218,10.629450225830078,-0.011456125974655063,1.0000438570612955
hurt,27,0.00070727244,5.002461e-07,-4.78712512254715,-4.812699103355408,12.470340871810913,12.474367618560791,-0.025573980808258234,1.0003229059086092
miserable,20,-0.049927723,0.0024927768,-0.6141477108001709,-0.02217812091112137,10.771051502227783,10.772515630722046,0.5919695898890496,1.0001359318070255
miserable,21,-0.049927723,0.0024927768,-0.39894757345318793,0.2377309612929821,10.080746507644653,10.088420104980468,0.16121661216020583,1.0007612132028114
miserable,22,-0.049927723,0.0024927768,-0.46389992982149125,0.19572999104857444,10.00567011833191,10.022249364852906,0.26816993877291684,1.001656985121928
miserable,23,-0.049927723,0.0024927768,-0.8612274467945099,-0.12565976940095425,9.77317771911621,9.762200117111206,0.7355676773935557,0.9988767622649968
miserable,24,-0.049927723,0.0024927768,-0.9608651608228683,-0.17485527098178863,10.159601736068726,10.141909313201904,0.7860098898410797,0.9982585515331757
miserable,25,-0.049927723,0.0024927768,-1.1019890010356903,-0.2398430161178112,10.395917272567749,10.37290587425232,0.8621459849178791,0.9977864965916812
miserable,26,-0.049927723,0.0024927768,-1.4066894680261612,-0.5025779506191611,10.63005485534668,10.623332118988037,0.9041115174070001,0.9993675727500821
miserable,27,-0.049927723,0.0024927768,-2.2673786997795107,-1.008569324016571,10.44598388671875,10.25884780883789,1.2588093757629397,0.9820853564479658
hateful,20,-0.11198482,0.012540602,-1.4644471287727356,-0.12375852651894093,11.092926692962646,10.994438791275025,1.3406886022537947,0.9911215584116226
hateful,21,-0.11198482,0.012540602,-1.514473706483841,-0.08074836740270257,10.77145676612854,10.691440439224243,1.4337253390811384,0.9925714479813061
hateful,22,-0.11198482,0.012540602,-1.7286850035190582,-0.2521503422409296,10.55739631652832,10.461747694015504,1.4765346612781287,0.9909401314826959
hateful,23,-0.11198482,0.012540602,-2.3141348600387572,-0.6713588327169419,10.936465883255005,10.779120683670044,1.6427760273218155,0.9856127929017842
hateful,24,-0.11198482,0.012540602,-2.4300949454307554,-0.6480713926255703,11.557146406173706,11.412772417068481,1.782023552805185,0.9875078168925764
hateful,25,-0.11198482,0.012540602,-2.8988379716873167,-0.9500847920775414,11.727760601043702,11.562956762313842,1.9487531796097755,0.9859475440933546
hateful,26,-0.11198482,0.012540602,-3.237063992023468,-1.1918889984488488,11.88423113822937,11.74728512763977,2.0451749935746193,0.9884766621418974
hateful,27,-0.11198482,0.012540602,-6.330566358566284,-3.560558784008026,12.60198073387146,12.098500537872315,2.7700075745582584,0.9600475348572866
tormented,20,-0.15308505,0.023435038,-1.842344629764557,-0.031149210780858992,11.353413343429565,11.180088567733765,1.8111954189836978,0.9847336857689493
tormented,21,-0.15308505,0.023435038,-1.6984281241893768,0.24579177983105183,11.34889497756958,11.167760372161865,1.452636344358325,0.9840394500287722
tormented,22,-0.15308505,0.023435038,-1.630720430612564,0.3760711506009102,11.876936435699463,11.728331804275513,1.2546492800116538,0.9874879660905419
tormented,23,-0.15308505,0.023435038,-2.3424809336662293,-0.09241565857082605,12.357522535324097,12.096211194992065,2.250065275095403,0.9788540672626677
tormented,24,-0.15308505,0.023435038,-2.4497325718402863,-0.007354079373180866,13.58926272392273,13.30906901359558,2.4423784924671055,0.9793812426752269
tormented,25,-0.15308505,0.023435038,-3.007719838619232,-0.337220174446702,14.212398529052734,13.84574613571167,2.6704996641725303,0.9742019341357787
tormented,26,-0.15308505,0.023435038,-3.2538831353187563,-0.4486472561955452,14.592738723754882,14.243037891387939,2.8052358791232113,0.976035969738999
tormented,27,-0.15308505,0.023435038,-8.964748740196228,-5.306299781799316,12.934637689590454,11.652239227294922,3.658448958396912,0.9008554786712285
upset,20,0.042934418,0.0018433643,0.4429067373275757,-0.1056146889925003,12.261017036437988,12.281316947937011,0.33729204833507537,1.0016556466269229
upset,21,0.042934418,0.0018433643,0.7027282059192658,0.11785607188940048,11.13097972869873,11.128854608535766,0.5848721340298653,0.9998090805827735
upset,22,0.042934418,0.0018433643,0.6455210208892822,0.03961422219872475,10.680838060379028,10.666207695007325,0.6059067986905574,0.9986302230883947
upset,23,0.042934418,0.0018433643,0.6257255882024765,-0.05559757649898529,10.106400299072266,10.082377624511718,0.5701280117034911,0.9976230236434674
upset,24,0.042934418,0.0018433643,0.3394997246563435,-0.40282874517142775,10.176862812042236,10.166380739212036,-0.06332902051508427,0.9989700094200152
upset,25,0.042934418,0.0018433643,0.564987899363041,-0.24811897948384284,10.292862033843994,10.286283779144288,0.3168689198791981,0.9993608915889404
upset,26,0.042934418,0.0018433643,0.28785911574959755,-0.5744499828666448,9.979800367355347,9.927237749099731,-0.2865908671170473,0.9947330992283622
upset,27,0.042934418,0.0018433643,1.4003815352916718,0.17195109724998475,9.861508226394653,9.753022718429566,1.228430438041687,0.9889990957291176
